sample_index,lead_i_adc,lead_ii_adc,lead_iii_sensor_adc,lead_i_derived,lead_ii_derived,lead_iii_derived,avr_derived,avl_derived,avf_derived
0,2652,11,12,2652,11,-2641,-1332,2646,-1315
1,2652,11,7,2652,11,-2641,-1332,2646,-1315
2,2651,9,17,2651,9,-2642,-1330,2646,-1316
3,2651,11,10,2651,11,-2640,-1331,2646,-1314
4,2665,10,7,2665,10,-2655,-1338,2660,-1322
5,2661,12,19,2661,12,-2649,-1336,2655,-1318
6,2637,11,12,2637,11,-2626,-1324,2632,-1308
7,2623,9,6,2623,9,-2614,-1316,2618,-1302
8,2631,9,21,2631,9,-2622,-1320,2626,-1306
9,2621,10,13,2621,10,-2611,-1316,2616,-1300
10,2633,11,8,2633,11,-2622,-1322,2628,-1306
11,2652,11,9,2652,11,-2641,-1332,2646,-1315
12,2649,10,17,2649,10,-2639,-1330,2644,-1314
13,2638,11,152,2638,11,-2627,-1324,2632,-1308
14,2643,11,11,2643,11,-2632,-1327,2638,-1310
15,2637,9,19,2637,9,-2628,-1323,2632,-1310
16,2645,12,12,2645,12,-2633,-1328,2639,-1310
17,2655,11,6,2655,11,-2644,-1333,2650,-1316
18,2675,10,19,2675,10,-2665,-1342,2670,-1328
19,2664,11,13,2664,11,-2653,-1338,2658,-1321
20,2649,11,7,2649,11,-2638,-1330,2644,-1314
21,2663,11,9,2663,11,-2652,-1337,2658,-1320
22,2665,10,19,2665,10,-2655,-1338,2660,-1322
23,2655,11,11,2655,11,-2644,-1333,2650,-1316
24,2665,11,7,2665,11,-2654,-1338,2660,-1322
25,2655,10,18,2655,10,-2645,-1332,2650,-1318
26,2643,9,11,2643,9,-2634,-1326,2638,-1312
27,2619,9,6,2619,9,-2610,-1314,2614,-1300
28,2607,10,21,2607,10,-2597,-1308,2602,-1294
29,2579,8,17,2579,8,-2571,-1294,2575,-1282
30,2531,6,6,2531,6,-2525,-1268,2528,-1260
31,2506,8,7,2506,8,-2498,-1257,2502,-1245
32,2476,5,17,2476,5,-2471,-1240,2474,-1233
33,2442,6,83,2442,6,-2436,-1224,2439,-1215
34,2395,3,121,2395,3,-2392,-1199,2394,-1194
35,2334,3,20,2334,3,-2331,-1168,2332,-1164
36,2283,4,11,2283,4,-2279,-1144,2281,-1138
37,2265,1,5,2265,1,-2264,-1133,2264,-1132
38,2237,1,21,2237,1,-2236,-1119,2236,-1118
39,2213,0,13,2213,0,-2213,-1106,2213,-1106
40,2203,1,8,2203,1,-2202,-1102,2202,-1100
41,2197,0,7,2197,0,-2197,-1098,2197,-1098
42,2167,1,12,2167,1,-2166,-1084,2166,-1082
43,2158,0,10,2158,0,-2158,-1079,2158,-1079
44,2175,1,8,2175,1,-2174,-1088,2174,-1086
45,2171,0,18,2171,0,-2171,-1086,2171,-1086
46,2149,1,12,2149,1,-2148,-1075,2148,-1074
47,2139,1,6,2139,1,-2138,-1070,2138,-1068
48,2139,0,20,2139,0,-2139,-1070,2139,-1070
49,2141,0,13,2141,0,-2141,-1070,2141,-1070
50,2147,0,6,2147,0,-2147,-1074,2147,-1074
51,2141,0,9,2141,0,-2141,-1070,2141,-1070
52,2124,0,16,2124,0,-2124,-1062,2124,-1062
53,2107,0,10,2107,0,-2107,-1054,2107,-1054
54,2121,1,108,2121,1,-2120,-1061,2120,-1060
55,2107,0,21,2107,0,-2107,-1054,2107,-1054
56,2103,0,13,2103,0,-2103,-1052,2103,-1052
57,2106,0,7,2106,0,-2106,-1053,2106,-1053
58,2101,0,21,2101,0,-2101,-1050,2101,-1050
59,2098,0,16,2098,0,-2098,-1049,2098,-1049
60,2107,0,6,2107,0,-2107,-1054,2107,-1054
61,2101,0,7,2101,0,-2101,-1050,2101,-1050
62,2091,0,17,2091,0,-2091,-1046,2091,-1046
63,2079,0,9,2079,0,-2079,-1040,2079,-1040
64,2074,0,7,2074,0,-2074,-1037,2074,-1037
65,2072,0,19,2072,0,-2072,-1036,2072,-1036
66,2063,0,12,2063,0,-2063,-1032,2063,-1032
67,2073,0,5,2073,0,-2073,-1036,2073,-1036
68,2065,0,20,2065,0,-2065,-1032,2065,-1032
69,2026,0,16,2026,0,-2026,-1013,2026,-1013
70,2021,0,6,2021,0,-2021,-1010,2021,-1010
71,2019,0,9,2019,0,-2019,-1010,2019,-1010
72,2011,0,17,2011,0,-2011,-1006,2011,-1006
73,2005,0,10,2005,0,-2005,-1002,2005,-1002
74,1992,0,73,1992,0,-1992,-996,1992,-996
75,1975,37,286,1975,37,-1938,-1006,1956,-950
76,1955,124,21,1955,124,-1831,-1040,1893,-854
77,1955,198,10,1955,198,-1757,-1076,1856,-780
78,1962,261,25,1962,261,-1701,-1112,1832,-720
79,1951,312,20,1951,312,-1639,-1132,1795,-664
80,1951,347,13,1951,347,-1604,-1149,1778,-628
81,1947,367,19,1947,367,-1580,-1157,1764,-606
82,1925,409,23,1925,409,-1516,-1167,1720,-554
83,1916,438,20,1916,438,-1478,-1177,1697,-520
84,1909,462,18,1909,462,-1447,-1186,1678,-492
85,1901,507,26,1901,507,-1394,-1204,1648,-444
86,1903,549,23,1903,549,-1354,-1226,1628,-402
87,1900,589,19,1900,589,-1311,-1244,1606,-361
88,1895,621,35,1895,621,-1274,-1258,1584,-326
89,1880,665,26,1880,665,-1215,-1272,1548,-275
90,1891,703,21,1891,703,-1188,-1297,1540,-242
91,1899,742,22,1899,742,-1157,-1320,1528,-208
92,1867,785,30,1867,785,-1082,-1326,1474,-148
93,1835,821,25,1835,821,-1014,-1328,1424,-96
94,1844,853,22,1844,853,-991,-1348,1418,-69
95,1848,906,283,1848,906,-942,-1377,1395,-18
96,1831,956,33,1831,956,-875,-1394,1353,40
97,1832,996,24,1832,996,-836,-1414,1334,80
98,1829,1047,41,1829,1047,-782,-1438,1306,132
99,1809,1093,35,1809,1093,-716,-1451,1262,188
100,1819,1131,26,1819,1131,-688,-1475,1254,222
101,1844,1173,31,1844,1173,-671,-1508,1258,251
102,1863,1227,37,1863,1227,-636,-1545,1250,296
103,1892,1279,35,1892,1279,-613,-1586,1252,333
104,1917,1324,30,1917,1324,-593,-1620,1255,366
105,1925,1370,43,1925,1370,-555,-1648,1240,408
106,1911,1407,39,1911,1407,-504,-1659,1208,452
107,1943,1443,31,1943,1443,-500,-1693,1222,472
108,1975,1497,47,1975,1497,-478,-1736,1226,510
109,1980,1571,43,1980,1571,-409,-1776,1194,581
110,1979,1606,36,1979,1606,-373,-1792,1176,616
111,1941,1615,40,1941,1615,-326,-1778,1134,644
112,1895,1627,47,1895,1627,-268,-1761,1082,680
113,1869,1629,41,1869,1629,-240,-1749,1054,694
114,1839,1619,37,1839,1619,-220,-1729,1030,700
115,1827,1635,189,1827,1635,-192,-1731,1010,722
116,1791,1659,279,1791,1659,-132,-1725,962,764
117,1781,1685,40,1781,1685,-96,-1733,938,794
118,1781,1719,53,1781,1719,-62,-1750,922,828
119,1755,1749,47,1755,1749,-6,-1752,880,872
120,1741,1759,39,1741,1759,18,-1750,862,888
121,1739,1763,44,1739,1763,24,-1751,858,894
122,1721,1785,51,1721,1785,64,-1753,828,924
123,1717,1815,43,1717,1815,98,-1766,810,956
124,1736,1821,42,1736,1821,85,-1778,826,953
125,1727,1851,53,1727,1851,124,-1789,802,988
126,1721,1884,47,1721,1884,163,-1802,779,1024
127,1727,1903,41,1727,1903,176,-1815,776,1040
128,1741,1934,57,1741,1934,193,-1838,774,1064
129,1739,1971,53,1739,1971,232,-1855,754,1102
130,1739,1995,45,1739,1995,256,-1867,742,1126
131,1736,2009,47,1736,2009,273,-1872,732,1141
132,1721,2043,56,1721,2043,322,-1882,700,1182
133,1761,2107,53,1761,2107,346,-1934,708,1226
134,1815,2147,47,1815,2147,332,-1981,742,1240
135,1767,2132,59,1767,2132,365,-1950,701,1248
136,1707,2111,238,1707,2111,404,-1909,652,1258
137,1837,2211,53,1837,2211,374,-2024,732,1292
138,2249,2599,77,2249,2599,350,-2424,950,1474
139,2555,3055,83,2555,3055,500,-2805,1028,1778
140,2378,3271,78,2378,3271,893,-2824,742,2082
141,1894,3218,83,1894,3218,1324,-2556,285,2271
142,1353,3050,85,1353,3050,1697,-2202,-172,2374
143,977,2869,73,977,2869,1892,-1923,-458,2380
144,854,2779,69,854,2779,1925,-1816,-536,2352
145,919,2843,79,919,2843,1924,-1881,-502,2384
146,1081,3055,81,1081,3055,1974,-2068,-446,2514
147,1245,3305,81,1245,3305,2060,-2275,-408,2682
148,1391,3662,105,1391,3662,2271,-2526,-440,2966
149,1490,4095,109,1490,4095,2605,-2792,-558,3350
150,1516,4095,105,1516,4095,2579,-2806,-532,3337
151,1479,4095,107,1479,4095,2616,-2787,-568,3356
152,1417,4095,111,1417,4095,2678,-2756,-630,3386
153,1387,4095,107,1387,4095,2708,-2741,-660,3402
154,1387,4095,106,1387,4095,2708,-2741,-660,3402
155,1384,4095,116,1384,4095,2711,-2740,-664,3403
156,1361,4095,215,1361,4095,2734,-2728,-686,3414
157,1353,4095,261,1353,4095,2742,-2724,-694,3418
158,1343,4095,123,1343,4095,2752,-2719,-704,3424
159,1337,4095,110,1337,4095,2758,-2716,-710,3426
160,1332,4095,104,1332,4095,2763,-2714,-716,3429
161,1350,4095,109,1350,4095,2745,-2722,-698,3420
162,1335,4095,117,1335,4095,2760,-2715,-712,3428
163,1337,4095,107,1337,4095,2758,-2716,-710,3426
164,1351,4095,105,1351,4095,2744,-2723,-696,3420
165,1349,4095,117,1349,4095,2746,-2722,-698,3420
166,1339,4095,111,1339,4095,2756,-2717,-708,3426
167,1357,4095,103,1357,4095,2738,-2726,-690,3416
168,1384,4095,121,1384,4095,2711,-2740,-664,3403
169,1379,4095,111,1379,4095,2716,-2737,-668,3406
170,1383,4095,105,1383,4095,2712,-2739,-664,3404
171,1413,4095,107,1413,4095,2682,-2754,-634,3388
172,1434,4095,115,1434,4095,2661,-2764,-614,3378
173,1449,4095,109,1449,4095,2646,-2772,-598,3370
174,1456,4095,106,1456,4095,2639,-2776,-592,3367
175,1465,4095,115,1465,4095,2630,-2780,-582,3362
176,1483,4095,112,1483,4095,2612,-2789,-564,3354
177,1497,4095,218,1497,4095,2598,-2796,-550,3346
178,1525,4095,122,1525,4095,2570,-2810,-522,3332
179,1529,4095,115,1529,4095,2566,-2812,-518,3330
180,1567,4095,104,1567,4095,2528,-2831,-480,3312
181,1607,4095,107,1607,4095,2488,-2851,-440,3292
182,1625,4095,115,1625,4095,2470,-2860,-422,3282
183,1633,4095,109,1633,4095,2462,-2864,-414,3278
184,1640,4095,105,1640,4095,2455,-2868,-408,3275
185,1657,4095,117,1657,4095,2438,-2876,-390,3266
186,1679,4095,111,1679,4095,2416,-2887,-368,3256
187,1695,4095,104,1695,4095,2400,-2895,-352,3248
188,1709,4095,121,1709,4095,2386,-2902,-338,3240
189,1695,4095,114,1695,4095,2400,-2895,-352,3248
190,1681,4095,103,1681,4095,2414,-2888,-366,3254
191,1685,4095,109,1685,4095,2410,-2890,-362,3252
192,1669,4095,115,1669,4095,2426,-2882,-378,3260
193,1651,4095,108,1651,4095,2444,-2873,-396,3270
194,1619,4095,105,1619,4095,2476,-2857,-428,3286
195,1591,4095,115,1591,4095,2504,-2843,-456,3300
196,1573,4095,109,1573,4095,2522,-2834,-474,3308
197,1555,4095,167,1555,4095,2540,-2825,-492,3318
198,1532,4095,119,1532,4095,2563,-2814,-516,3329
199,1509,4095,111,1509,4095,2586,-2802,-538,3340
200,1493,4095,103,1493,4095,2602,-2794,-554,3348
201,1513,4095,107,1513,4095,2582,-2804,-534,3338
202,1523,4095,114,1523,4095,2572,-2809,-524,3334
203,1523,4095,108,1523,4095,2572,-2809,-524,3334
204,1533,4095,104,1533,4095,2562,-2814,-514,3328
205,1556,4095,116,1556,4095,2539,-2826,-492,3317
206,1576,4095,110,1576,4095,2519,-2836,-472,3307
207,1593,4095,103,1593,4095,2502,-2844,-454,3298
208,1622,4095,120,1622,4095,2473,-2858,-426,3284
209,1635,4095,111,1635,4095,2460,-2865,-412,3278
210,1651,4095,105,1651,4095,2444,-2873,-396,3270
211,1686,4095,107,1686,4095,2409,-2890,-362,3252
212,1708,4095,117,1708,4095,2387,-2902,-340,3241
213,1711,4095,109,1711,4095,2384,-2903,-336,3240
214,1736,4095,104,1736,4095,2359,-2916,-312,3227
215,1753,4095,116,1753,4095,2342,-2924,-294,3218
216,1769,4095,111,1769,4095,2326,-2932,-278,3210
217,1811,4095,103,1811,4095,2284,-2953,-236,3190
218,1837,4095,345,1837,4095,2258,-2966,-210,3176
219,1849,4095,115,1849,4095,2246,-2972,-198,3170
220,1853,3959,98,1853,3959,2106,-2906,-126,3032
221,1879,3577,90,1879,3577,1698,-2728,90,2638
222,1901,3311,93,1901,3311,1410,-2606,246,2360
223,1942,3079,81,1942,3079,1137,-2510,402,2108
224,1997,2855,71,1997,2855,858,-2426,570,1856
225,2053,2659,75,2053,2659,606,-2356,724,1632
226,2089,2440,61,2089,2440,351,-2264,869,1396
227,2162,2207,51,2162,2207,45,-2184,1058,1126
228,2222,1957,59,2222,1957,-265,-2090,1244,846
229,2264,1699,47,2264,1699,-565,-1982,1414,567
230,2297,1432,31,2297,1432,-865,-1864,1581,284
231,2361,1181,31,2361,1181,-1180,-1771,1770,0
232,2389,967,35,2389,967,-1422,-1678,1906,-228
233,2405,749,25,2405,749,-1656,-1577,2030,-454
234,2427,536,19,2427,536,-1891,-1482,2159,-678
235,2446,344,23,2446,344,-2102,-1395,2274,-879
236,2455,183,18,2455,183,-2272,-1319,2364,-1044
237,2471,24,7,2471,24,-2447,-1248,2459,-1212
238,2476,5,185,2476,5,-2471,-1240,2474,-1233
239,2472,6,13,2472,6,-2466,-1239,2469,-1230
240,2487,7,7,2487,7,-2480,-1247,2484,-1236
241,2505,9,8,2505,9,-2496,-1257,2500,-1244
242,2502,9,17,2502,9,-2493,-1256,2498,-1242
243,2501,7,10,2501,7,-2494,-1254,2498,-1244
244,2492,6,7,2492,6,-2486,-1249,2489,-1240
245,2473,8,17,2473,8,-2465,-1240,2469,-1228
246,2475,5,12,2475,5,-2470,-1240,2472,-1232
247,2473,6,7,2473,6,-2467,-1240,2470,-1230
248,2477,5,21,2477,5,-2472,-1241,2474,-1234
249,2495,7,13,2495,7,-2488,-1251,2492,-1240
250,2500,7,5,2500,7,-2493,-1254,2496,-1243
251,2489,7,10,2489,7,-2482,-1248,2486,-1238
252,2468,7,17,2468,7,-2461,-1238,2464,-1227
253,2455,6,11,2455,6,-2449,-1230,2452,-1222
254,2457,7,7,2457,7,-2450,-1232,2454,-1222
255,2443,5,17,2443,5,-2438,-1224,2440,-1216
256,2427,6,11,2427,6,-2421,-1216,2424,-1208
257,2445,7,7,2445,7,-2438,-1226,2442,-1216
258,2455,6,23,2455,6,-2449,-1230,2452,-1222
259,2427,4,200,2427,4,-2423,-1216,2425,-1210
260,2403,4,8,2403,4,-2399,-1204,2401,-1198
261,2379,5,8,2379,5,-2374,-1192,2376,-1184
262,2373,4,17,2373,4,-2369,-1188,2371,-1182
263,2350,3,10,2350,3,-2347,-1176,2348,-1172
264,2363,3,7,2363,3,-2360,-1183,2362,-1178
265,2360,4,17,2360,4,-2356,-1182,2358,-1176
266,2360,3,11,2360,3,-2357,-1182,2358,-1177
267,2389,5,5,2389,5,-2384,-1197,2386,-1190
268,2399,5,23,2399,5,-2394,-1202,2396,-1194
269,2397,3,12,2397,3,-2394,-1200,2396,-1196
270,2405,5,6,2405,5,-2400,-1205,2402,-1198
271,2399,5,9,2399,5,-2394,-1202,2396,-1194
272,2383,4,17,2383,4,-2379,-1194,2381,-1188
273,2409,5,9,2409,5,-2404,-1207,2406,-1200
274,2429,5,7,2429,5,-2424,-1217,2426,-1210
275,2406,5,17,2406,5,-2401,-1206,2404,-1198
276,2367,5,11,2367,5,-2362,-1186,2364,-1178
277,2345,4,5,2345,4,-2341,-1174,2343,-1168
278,2319,5,22,2319,5,-2314,-1162,2316,-1154
279,2276,2,139,2276,2,-2274,-1139,2275,-1136
280,2245,2,5,2245,2,-2243,-1124,2244,-1120
281,2223,2,10,2223,2,-2221,-1112,2222,-1110
282,2197,2,16,2197,2,-2195,-1100,2196,-1096
283,2200,1,10,2200,1,-2199,-1100,2200,-1099
284,2200,2,8,2200,2,-2198,-1101,2199,-1098
285,2183,0,19,2183,0,-2183,-1092,2183,-1092
286,2157,0,13,2157,0,-2157,-1078,2157,-1078
287,2148,0,6,2148,0,-2148,-1074,2148,-1074
288,2135,1,21,2135,1,-2134,-1068,2134,-1066
289,2118,0,13,2118,0,-2118,-1059,2118,-1059
290,2134,1,5,2134,1,-2133,-1068,2134,-1066
291,2137,0,10,2137,0,-2137,-1068,2137,-1068
292,2141,0,16,2141,0,-2141,-1070,2141,-1070
293,2139,0,9,2139,0,-2139,-1070,2139,-1070
294,2133,0,7,2133,0,-2133,-1066,2133,-1066
295,2119,0,17,2119,0,-2119,-1060,2119,-1060
296,2117,0,12,2117,0,-2117,-1058,2117,-1058
297,2119,0,4,2119,0,-2119,-1060,2119,-1060
298,2135,0,20,2135,0,-2135,-1068,2135,-1068
299,2169,0,27,2169,0,-2169,-1084,2169,-1084
300,2157,0,119,2157,0,-2157,-1078,2157,-1078
301,2119,0,12,2119,0,-2119,-1060,2119,-1060
302,2186,1,17,2186,1,-2185,-1094,2186,-1092
303,2533,7,11,2533,7,-2526,-1270,2530,-1260
304,3002,22,7,3002,22,-2980,-1512,2991,-1479
305,2990,307,23,2990,307,-2683,-1648,2836,-1188
306,2539,503,22,2539,503,-2036,-1521,2288,-766
307,1948,381,13,1948,381,-1567,-1164,1758,-593
308,1449,95,24,1449,95,-1354,-772,1402,-630
309,1215,0,13,1215,0,-1215,-608,1215,-608
310,1285,0,6,1285,0,-1285,-642,1285,-642
311,1511,0,10,1511,0,-1511,-756,1511,-756
312,1722,0,17,1722,0,-1722,-861,1722,-861
313,1919,164,12,1919,164,-1755,-1042,1837,-796
314,2059,357,16,2059,357,-1702,-1208,1880,-672
315,2085,473,25,2085,473,-1612,-1279,1848,-570
316,2067,531,22,2067,531,-1536,-1299,1802,-502
317,2063,536,14,2063,536,-1527,-1300,1795,-496
318,2069,559,33,2069,559,-1510,-1314,1790,-476
319,2065,597,24,2065,597,-1468,-1331,1766,-436
320,2057,623,99,2057,623,-1434,-1340,1746,-406
321,2056,659,25,2056,659,-1397,-1358,1726,-369
322,2029,711,28,2029,711,-1318,-1370,1674,-304
323,2031,733,26,2031,733,-1298,-1382,1664,-282
324,2040,754,22,2040,754,-1286,-1397,1663,-266
325,2043,787,29,2043,787,-1256,-1415,1650,-234
326,2055,831,27,2055,831,-1224,-1443,1640,-196
327,2072,869,23,2072,869,-1203,-1470,1638,-167
328,2065,901,39,2065,901,-1164,-1483,1614,-132
329,2037,938,31,2037,938,-1099,-1488,1568,-80
330,2038,965,24,2038,965,-1073,-1502,1556,-54
331,2063,989,29,2063,989,-1074,-1526,1568,-42
332,2059,1032,35,2059,1032,-1027,-1546,1543,2
333,2059,1069,29,2059,1069,-990,-1564,1524,40
334,2056,1092,28,2056,1092,-964,-1574,1510,64
335,2071,1143,39,2071,1143,-928,-1607,1500,108
336,2084,1195,36,2084,1195,-889,-1640,1486,153
337,2095,1231,27,2095,1231,-864,-1663,1480,184
338,2093,1262,44,2093,1262,-831,-1678,1462,216
339,2083,1315,39,2083,1315,-768,-1699,1426,274
340,2092,1342,47,2092,1342,-750,-1717,1421,296
341,2093,1379,169,2093,1379,-714,-1736,1404,332
342,2095,1447,47,2095,1447,-648,-1771,1372,400
343,2093,1492,39,2093,1492,-601,-1792,1347,446
344,2110,1528,36,2110,1528,-582,-1819,1346,473
345,2137,1597,45,2137,1597,-540,-1867,1338,528
346,2165,1662,45,2165,1662,-503,-1914,1334,580
347,2174,1709,37,2174,1709,-465,-1942,1320,622
348,2166,1748,55,2166,1748,-418,-1957,1292,665
349,2171,1807,47,2171,1807,-364,-1989,1268,722
350,2193,1851,40,2193,1851,-342,-2022,1268,754
351,2189,1891,47,2189,1891,-298,-2040,1244,796
352,2163,1947,55,2163,1947,-216,-2055,1190,866
353,2155,2002,48,2155,2002,-153,-2078,1154,924
354,2155,2029,46,2155,2029,-126,-2092,1140,952
355,2141,2067,57,2141,2067,-74,-2104,1108,996
356,2105,2091,53,2105,2091,-14,-2098,1060,1038
357,2079,2105,45,2079,2105,26,-2092,1026,1066
358,2044,2118,63,2044,2118,74,-2081,985,1096
359,1991,2139,56,1991,2139,148,-2065,922,1144
360,1949,2135,47,1949,2135,186,-2042,882,1160
361,1927,2117,164,1927,2117,190,-2022,868,1154
362,1874,2121,60,1874,2121,247,-1998,814,1184
363,1829,2123,53,1829,2123,294,-1976,768,1208
364,1791,2106,51,1791,2106,315,-1948,738,1210
365,1771,2107,59,1771,2107,336,-1939,718,1222
366,1749,2105,53,1749,2105,356,-1927,696,1230
367,1725,2088,45,1725,2088,363,-1906,681,1226
368,1721,2087,63,1721,2087,366,-1904,678,1226
369,1720,2105,56,1720,2105,385,-1912,668,1245
370,1715,2095,45,1715,2095,380,-1905,668,1238
371,1707,2077,55,1707,2077,370,-1892,668,1224
372,1689,2093,56,1689,2093,404,-1891,642,1248
373,1699,2103,52,1699,2103,404,-1901,648,1254
374,1716,2101,48,1716,2101,385,-1908,666,1243
375,1709,2117,58,1709,2117,408,-1913,650,1262
376,1695,2126,55,1695,2126,431,-1910,632,1278
377,1711,2137,46,1711,2137,426,-1924,642,1282
378,1711,2149,67,1711,2149,438,-1930,636,1294
379,1707,2181,58,1707,2181,474,-1944,616,1328
380,1719,2203,49,1719,2203,484,-1961,618,1344
381,1719,2214,99,1719,2214,495,-1966,612,1354
382,1705,2261,297,1705,2261,556,-1983,574,1408
383,1712,2312,62,1712,2312,600,-2012,556,1456
384,1716,2339,55,1716,2339,623,-2028,546,1481
385,1709,2395,67,1709,2395,686,-2052,512,1540
386,1701,2449,66,1701,2449,748,-2075,476,1598
387,1700,2485,57,1700,2485,785,-2092,458,1635
388,1695,2537,75,1695,2537,842,-2116,426,1690
389,1675,2601,71,1675,2601,926,-2138,374,1764
390,1677,2660,60,1677,2660,983,-2168,347,1822
391,1677,2721,72,1677,2721,1044,-2199,316,1882
392,1663,2813,79,1663,2813,1150,-2238,256,1982
393,1657,2894,74,1657,2894,1237,-2276,210,2066
394,1655,2963,75,1655,2963,1308,-2309,174,2136
395,1629,3051,86,1629,3051,1422,-2340,104,2236
396,1597,3151,84,1597,3151,1554,-2374,22,2352
397,1581,3271,77,1581,3271,1690,-2426,-54,2480
398,1575,3421,99,1575,3421,1846,-2498,-136,2634
399,1553,3607,94,1553,3607,2054,-2580,-250,2830
400,1525,3781,91,1525,3781,2256,-2653,-366,3018
401,1497,3961,101,1497,3961,2464,-2729,-484,3212
402,1461,4095,269,1461,4095,2634,-2778,-586,3364
403,1432,4095,108,1432,4095,2663,-2764,-616,3379
404,1405,4095,105,1405,4095,2690,-2750,-642,3392
405,1379,4095,111,1379,4095,2716,-2737,-668,3406
406,1355,4095,111,1355,4095,2740,-2725,-692,3418
407,1335,4095,103,1335,4095,2760,-2715,-712,3428
408,1334,4095,118,1334,4095,2761,-2714,-714,3428
409,1309,4095,112,1309,4095,2786,-2702,-738,3440
410,1300,4095,103,1300,4095,2795,-2698,-748,3445
411,1317,4095,111,1317,4095,2778,-2706,-730,3436
412,1303,4095,116,1303,4095,2792,-2699,-744,3444
413,1271,4095,108,1271,4095,2824,-2683,-776,3460
414,1289,4095,109,1289,4095,2806,-2692,-758,3450
415,1297,4095,115,1297,4095,2798,-2696,-750,3446
416,1287,4095,110,1287,4095,2808,-2691,-760,3452
417,1291,4095,105,1291,4095,2804,-2693,-756,3450
418,1289,4095,120,1289,4095,2806,-2692,-758,3450
419,1272,4095,111,1272,4095,2823,-2684,-776,3459
420,1289,4095,105,1289,4095,2806,-2692,-758,3450
421,1302,4095,111,1302,4095,2793,-2698,-746,3444
422,1295,4095,168,1295,4095,2800,-2695,-752,3448
423,1307,4095,293,1307,4095,2788,-2701,-740,3442
424,1319,4095,108,1319,4095,2776,-2707,-728,3436
425,1327,4095,116,1327,4095,2768,-2711,-720,3432
426,1328,4095,109,1328,4095,2767,-2712,-720,3431
427,1336,4095,103,1336,4095,2759,-2716,-712,3427
428,1338,4095,120,1338,4095,2757,-2716,-710,3426
429,1342,4095,111,1342,4095,2753,-2718,-706,3424
430,1353,4095,103,1353,4095,2742,-2724,-694,3418
431,1375,4095,109,1375,4095,2720,-2735,-672,3408
432,1386,4095,116,1386,4095,2709,-2740,-662,3402
433,1391,4095,109,1391,4095,2704,-2743,-656,3400
434,1405,4095,105,1405,4095,2690,-2750,-642,3392
435,1423,4095,115,1423,4095,2672,-2759,-624,3384
436,1417,4095,109,1417,4095,2678,-2756,-630,3386
437,1433,4095,105,1433,4095,2662,-2764,-614,3378
438,1479,4095,119,1479,4095,2616,-2787,-568,3356
439,1495,4095,111,1495,4095,2600,-2795,-552,3348
440,1539,4095,105,1539,4095,2556,-2817,-508,3326
441,1576,4095,110,1576,4095,2519,-2836,-472,3307
442,1590,4095,115,1590,4095,2505,-2842,-458,3300
443,1593,4095,234,1593,4095,2502,-2844,-454,3298
444,1612,4095,107,1612,4095,2483,-2854,-436,3289
445,1656,4095,117,1656,4095,2439,-2876,-392,3267
446,1659,4095,110,1659,4095,2436,-2877,-388,3266
447,1681,4095,104,1681,4095,2414,-2888,-366,3254
448,1687,4095,119,1687,4095,2408,-2891,-360,3252
449,1669,4095,111,1669,4095,2426,-2882,-378,3260
450,1653,4095,104,1653,4095,2442,-2874,-394,3268
451,1653,4095,110,1653,4095,2442,-2874,-394,3268
452,1640,4095,113,1640,4095,2455,-2868,-408,3275
453,1639,4095,108,1639,4095,2456,-2867,-408,3276
454,1647,4095,105,1647,4095,2448,-2871,-400,3272
455,1661,4095,116,1661,4095,2434,-2878,-386,3264
456,1661,4095,109,1661,4095,2434,-2878,-386,3264
457,1676,4095,104,1676,4095,2419,-2886,-372,3257
458,1694,4095,119,1694,4095,2401,-2894,-354,3248
459,1692,4095,111,1692,4095,2403,-2894,-356,3249
460,1709,4095,103,1709,4095,2386,-2902,-338,3240
461,1741,4095,111,1741,4095,2354,-2918,-306,3224
462,1766,4095,117,1766,4095,2329,-2930,-282,3212
463,1772,4095,163,1772,4095,2323,-2934,-276,3209
464,1800,4095,231,1800,4095,2295,-2948,-248,3195
465,1810,4095,118,1810,4095,2285,-2952,-238,3190
466,1801,4095,111,1801,4095,2294,-2948,-246,3194
467,1827,4095,104,1827,4095,2268,-2961,-220,3182
468,1864,4095,119,1864,4095,2231,-2980,-184,3163
469,1876,4095,109,1876,4095,2219,-2986,-172,3157
470,1917,4095,101,1917,4095,2178,-3006,-130,3136
471,1999,3903,105,1999,3903,1904,-2951,48,2904
472,1993,3591,98,1993,3591,1598,-2792,198,2594
473,1964,3259,85,1964,3259,1295,-2612,334,2277
474,2095,3065,76,2095,3065,970,-2580,562,2018
475,2533,3209,90,2533,3209,676,-2871,928,1942
476,3079,3575,93,3079,3575,496,-3327,1292,2036
477,3087,3647,89,3087,3647,560,-3367,1264,2104
478,2617,3420,99,2617,3420,803,-3018,907,2112
479,1975,2973,82,1975,2973,998,-2474,488,1986
480,1459,2462,56,1459,2462,1003,-1960,228,1732
481,1299,1992,51,1299,1992,693,-1646,303,1342
482,1439,1677,45,1439,1677,238,-1558,600,958
483,1757,1499,38,1757,1499,-258,-1628,1008,620
484,2073,1368,131,2073,1368,-705,-1720,1389,332
485,2323,1285,41,2323,1285,-1038,-1804,1680,124
486,2458,1179,31,2458,1179,-1279,-1818,1868,-50
487,2509,1007,24,2509,1007,-1502,-1758,2006,-248
488,2527,819,37,2527,819,-1708,-1673,2118,-444
489,2523,645,26,2523,645,-1878,-1584,2200,-616
490,2537,487,14,2537,487,-2050,-1512,2294,-782
491,2579,335,21,2579,335,-2244,-1457,2412,-954
492,2602,209,20,2602,209,-2393,-1406,2498,-1092
493,2612,71,9,2612,71,-2541,-1342,2576,-1235
494,2635,9,7,2635,9,-2626,-1322,2630,-1308
495,2635,10,17,2635,10,-2625,-1322,2630,-1308
496,2629,11,12,2629,11,-2618,-1320,2624,-1304
497,2639,11,7,2639,11,-2628,-1325,2634,-1308
498,2647,9,21,2647,9,-2638,-1328,2642,-1314
499,2627,10,14,2627,10,-2617,-1318,2622,-1304
500,2632,10,5,2632,10,-2622,-1321,2627,-1306
501,2637,11,13,2637,11,-2626,-1324,2632,-1308
502,2630,9,16,2630,9,-2621,-1320,2626,-1306
503,2631,9,9,2631,9,-2622,-1320,2626,-1306
504,2638,10,68,2638,10,-2628,-1324,2633,-1309
505,2631,9,274,2631,9,-2622,-1320,2626,-1306
506,2618,10,235,2618,10,-2608,-1314,2613,-1299
507,2613,9,141,2613,9,-2604,-1311,2608,-1298
508,2599,7,267,2599,7,-2592,-1303,2596,-1292
509,2581,8,261,2581,8,-2573,-1294,2577,-1282
510,2581,9,169,2581,9,-2572,-1295,2576,-1282
511,2589,8,169,2589,8,-2581,-1298,2585,-1286
512,2580,7,270,2580,7,-2573,-1294,2576,-1283
513,2575,9,221,2575,9,-2566,-1292,2570,-1278
514,2596,9,141,2596,9,-2587,-1302,2592,-1289
515,2614,10,281,2614,10,-2604,-1312,2609,-1297
516,2617,7,243,2617,7,-2610,-1312,2614,-1302
517,2629,10,137,2629,10,-2619,-1320,2624,-1304
518,2631,8,253,2631,8,-2623,-1320,2627,-1308
519,2614,9,252,2614,9,-2605,-1312,2610,-1298
520,2612,9,7,2612,9,-2603,-1310,2608,-1297
521,2628,9,17,2628,9,-2619,-1318,2624,-1305
522,2633,12,17,2633,12,-2621,-1322,2627,-1304
523,2628,9,9,2628,9,-2619,-1318,2624,-1305
524,2623,11,7,2623,11,-2612,-1317,2618,-1300
525,2621,9,233,2621,9,-2612,-1315,2616,-1302
526,2611,9,13,2611,9,-2602,-1310,2606,-1296
527,2597,9,6,2597,9,-2588,-1303,2592,-1290
528,2568,11,20,2568,11,-2557,-1290,2562,-1273
529,2524,7,13,2524,7,-2517,-1266,2520,-1255
530,2493,7,5,2493,7,-2486,-1250,2490,-1240
531,2469,6,16,2469,6,-2463,-1238,2466,-1228
532,2407,5,17,2407,5,-2402,-1206,2404,-1198
533,2381,5,9,2381,5,-2376,-1193,2378,-1186
534,2364,4,6,2364,4,-2360,-1184,2362,-1178
535,2324,2,18,2324,2,-2322,-1163,2323,-1160
536,2275,2,9,2275,2,-2273,-1138,2274,-1136
537,2251,3,7,2251,3,-2248,-1127,2250,-1122
538,2235,1,20,2235,1,-2234,-1118,2234,-1116
539,2205,2,11,2205,2,-2203,-1104,2204,-1100
540,2199,1,6,2199,1,-2198,-1100,2198,-1098
541,2203,1,13,2203,1,-2202,-1102,2202,-1100
542,2188,0,16,2188,0,-2188,-1094,2188,-1094
543,2167,0,7,2167,0,-2167,-1084,2167,-1084
544,2157,1,7,2157,1,-2156,-1079,2156,-1078
545,2148,0,115,2148,0,-2148,-1074,2148,-1074
546,2137,0,205,2137,0,-2137,-1068,2137,-1068
547,2137,0,9,2137,0,-2137,-1068,2137,-1068
548,2127,1,21,2127,1,-2126,-1064,2126,-1062
549,2119,0,13,2119,0,-2119,-1060,2119,-1060
550,2124,0,5,2124,0,-2124,-1062,2124,-1062
551,2137,0,12,2137,0,-2137,-1068,2137,-1068
552,2133,1,14,2133,1,-2132,-1067,2132,-1066
553,2138,0,7,2138,0,-2138,-1069,2138,-1069
554,2140,0,7,2140,0,-2140,-1070,2140,-1070
555,2133,0,14,2133,0,-2133,-1066,2133,-1066
556,2131,0,10,2131,0,-2131,-1066,2131,-1066
557,2139,0,4,2139,0,-2139,-1070,2139,-1070
558,2142,0,20,2142,0,-2142,-1071,2142,-1071
559,2135,1,13,2135,1,-2134,-1068,2134,-1066
560,2137,1,7,2137,1,-2136,-1069,2136,-1068
561,2130,1,10,2130,1,-2129,-1066,2130,-1064
562,2116,0,17,2116,0,-2116,-1058,2116,-1058
563,2099,0,7,2099,0,-2099,-1050,2099,-1050
564,2095,0,9,2095,0,-2095,-1048,2095,-1048
565,2085,0,17,2085,0,-2085,-1042,2085,-1042
566,2068,0,184,2068,0,-2068,-1034,2068,-1034
567,2073,0,7,2073,0,-2073,-1036,2073,-1036
568,2079,0,21,2079,0,-2079,-1040,2079,-1040
569,2044,0,12,2044,0,-2044,-1022,2044,-1022
570,2039,0,5,2039,0,-2039,-1020,2039,-1020
571,2037,0,13,2037,0,-2037,-1018,2037,-1018
572,2026,0,13,2026,0,-2026,-1013,2026,-1013
573,2018,55,9,2018,55,-1963,-1036,1990,-954
574,2011,119,11,2011,119,-1892,-1065,1952,-886
575,1991,185,21,1991,185,-1806,-1088,1898,-810
576,1995,243,17,1995,243,-1752,-1119,1874,-754
577,2011,279,9,2011,279,-1732,-1145,1872,-726
578,2015,317,25,2015,317,-1698,-1166,1856,-690
579,2003,367,20,2003,367,-1636,-1185,1820,-634
580,1981,395,12,1981,395,-1586,-1188,1784,-596
581,1964,415,23,1964,415,-1549,-1190,1756,-567
582,1949,467,24,1949,467,-1482,-1208,1716,-508
583,1963,503,19,1963,503,-1460,-1233,1712,-478
584,1974,529,17,1974,529,-1445,-1252,1710,-458
585,1956,569,27,1956,569,-1387,-1262,1672,-409
586,1931,607,108,1931,607,-1324,-1269,1628,-358
587,1931,647,139,1931,647,-1284,-1289,1608,-318
588,1926,693,35,1926,693,-1233,-1310,1580,-270
589,1909,745,28,1909,745,-1164,-1327,1536,-210
590,1907,779,19,1907,779,-1128,-1343,1518,-174
591,1915,806,28,1915,806,-1109,-1360,1512,-152
592,1907,850,31,1907,850,-1057,-1378,1482,-104
593,1900,883,23,1900,883,-1017,-1392,1458,-67
594,1903,909,24,1903,909,-994,-1406,1448,-42
595,1897,949,35,1897,949,-948,-1423,1422,0
596,1893,994,29,1893,994,-899,-1444,1396,48
597,1900,1021,25,1900,1021,-879,-1460,1390,71
598,1893,1055,39,1893,1055,-838,-1474,1366,108
599,1864,1097,31,1864,1097,-767,-1480,1316,165
600,1862,1124,25,1862,1124,-738,-1493,1300,193
601,1875,1159,35,1875,1159,-716,-1517,1296,222
602,1867,1205,37,1867,1205,-662,-1536,1264,272
603,1878,1255,31,1878,1255,-623,-1566,1250,316
604,1895,1289,30,1895,1289,-606,-1592,1250,342
605,1907,1349,41,1907,1349,-558,-1628,1232,396
606,1913,1401,37,1913,1401,-512,-1657,1212,444
607,1929,1447,135,1929,1447,-482,-1688,1206,482
608,1925,1511,47,1925,1511,-414,-1718,1170,548
609,1912,1573,43,1912,1573,-339,-1742,1126,617
610,1932,1614,36,1932,1614,-318,-1773,1125,648
611,1963,1657,44,1963,1657,-306,-1810,1134,676
612,1965,1717,52,1965,1717,-248,-1841,1106,734
613,1957,1753,41,1957,1753,-204,-1855,1080,774
614,1939,1765,43,1939,1765,-174,-1852,1056,796
615,1893,1770,51,1893,1770,-123,-1832,1008,824
616,1869,1775,45,1869,1775,-94,-1822,982,840
617,1863,1780,39,1863,1780,-83,-1822,973,848
618,1839,1785,53,1839,1785,-54,-1812,946,866
619,1807,1797,47,1807,1797,-10,-1802,908,894
620,1784,1799,39,1784,1799,15,-1792,884,907
621,1787,1811,47,1787,1811,24,-1799,882,918
622,1787,1836,53,1787,1836,49,-1812,869,942
623,1781,1843,41,1781,1843,62,-1812,860,952
624,1771,1845,43,1771,1845,74,-1808,848,960
625,1751,1875,53,1751,1875,124,-1813,814,1000
626,1743,1901,51,1743,1901,158,-1822,792,1030
627,1741,1909,103,1741,1909,168,-1825,786,1038
628,1750,1955,319,1750,1955,205,-1852,772,1080
629,1745,2011,59,1745,2011,266,-1878,740,1138
630,1735,2041,45,1735,2041,306,-1888,714,1174
631,1739,2083,53,1739,2083,344,-1911,698,1214
632,1735,2127,57,1735,2127,392,-1931,672,1260
633,1737,2155,51,1737,2155,418,-1946,660,1286
634,1741,2171,53,1741,2171,430,-1956,656,1300
635,1743,2219,61,1743,2219,476,-1981,634,1348
636,1753,2274,58,1753,2274,521,-2014,616,1398
637,1797,2331,54,1797,2331,534,-2064,632,1432
638,1776,2349,70,1776,2349,573,-2062,602,1461
639,1721,2343,62,1721,2343,622,-2032,550,1482
640,1773,2395,55,1773,2395,622,-2084,576,1508
641,2108,2699,73,2108,2699,591,-2404,758,1645
642,2533,3271,89,2533,3271,738,-2902,898,2004
643,2503,3672,93,2503,3672,1169,-3088,667,2420
644,2059,3734,91,2059,3734,1675,-2896,192,2704
645,1479,3605,99,1479,3605,2126,-2542,-324,2866
646,1039,3419,91,1039,3419,2380,-2229,-670,2900
647,842,3301,83,842,3301,2459,-2072,-808,2880
648,843,3336,341,843,3336,2493,-2090,-825,2914
649,957,3594,101,957,3594,2637,-2276,-840,3116
650,1124,4023,95,1124,4023,2899,-2574,-888,3461
651,1255,4095,108,1255,4095,2840,-2675,-792,3468
652,1355,4095,115,1355,4095,2740,-2725,-692,3418
653,1416,4095,105,1416,4095,2679,-2756,-632,3387
654,1407,4095,106,1407,4095,2688,-2751,-640,3392
655,1379,4095,115,1379,4095,2716,-2737,-668,3406
656,1357,4095,112,1357,4095,2738,-2726,-690,3416
657,1365,4095,103,1365,4095,2730,-2730,-682,3412
658,1368,4095,119,1368,4095,2727,-2732,-680,3411
659,1351,4095,109,1351,4095,2744,-2723,-696,3420
660,1356,4095,102,1356,4095,2739,-2726,-692,3417
661,1367,4095,110,1367,4095,2728,-2731,-680,3412
662,1357,4095,117,1357,4095,2738,-2726,-690,3416
663,1367,4095,107,1367,4095,2728,-2731,-680,3412
664,1381,4095,107,1381,4095,2714,-2738,-666,3404
665,1383,4095,114,1383,4095,2712,-2739,-664,3404
666,1366,4095,109,1366,4095,2729,-2730,-682,3412
667,1369,4095,104,1369,4095,2726,-2732,-678,3410
668,1385,4095,283,1385,4095,2710,-2740,-662,3402
669,1383,4095,401,1383,4095,2712,-2739,-664,3404
670,1385,4095,107,1385,4095,2710,-2740,-662,3402
671,1399,4095,111,1399,4095,2696,-2747,-648,3396
672,1419,4095,115,1419,4095,2676,-2757,-628,3386
673,1433,4095,107,1433,4095,2662,-2764,-614,3378
674,1461,4095,107,1461,4095,2634,-2778,-586,3364
675,1455,4095,115,1455,4095,2640,-2775,-592,3368
676,1461,4095,112,1461,4095,2634,-2778,-586,3364
677,1486,4095,106,1486,4095,2609,-2790,-562,3352
678,1523,4095,119,1523,4095,2572,-2809,-524,3334
679,1515,4095,111,1515,4095,2580,-2805,-532,3338
680,1525,4095,103,1525,4095,2570,-2810,-522,3332
681,1547,4095,113,1547,4095,2548,-2821,-500,3322
682,1565,4095,116,1565,4095,2530,-2830,-482,3312
683,1591,4095,107,1591,4095,2504,-2843,-456,3300
684,1635,4095,106,1635,4095,2460,-2865,-412,3278
685,1652,4095,115,1652,4095,2443,-2874,-396,3269
686,1660,4095,111,1660,4095,2435,-2878,-388,3265
687,1683,4095,103,1683,4095,2412,-2889,-364,3254
688,1707,4095,119,1707,4095,2388,-2901,-340,3242
689,1734,4095,329,1734,4095,2361,-2914,-314,3228
690,1737,4095,106,1737,4095,2358,-2916,-310,3226
691,1754,4095,111,1754,4095,2341,-2924,-294,3218
692,1749,4095,115,1749,4095,2346,-2922,-298,3220
693,1747,4095,105,1747,4095,2348,-2921,-300,3222
694,1749,4095,107,1749,4095,2346,-2922,-298,3220
695,1720,4095,114,1720,4095,2375,-2908,-328,3235
696,1703,4095,111,1703,4095,2392,-2899,-344,3244
697,1689,4095,103,1689,4095,2406,-2892,-358,3250
698,1669,4095,117,1669,4095,2426,-2882,-378,3260
699,1641,4095,109,1641,4095,2454,-2868,-406,3274
700,1621,4095,103,1621,4095,2474,-2858,-426,3284
701,1609,4095,108,1609,4095,2486,-2852,-438,3290
702,1589,4095,116,1589,4095,2506,-2842,-458,3300
703,1589,4095,105,1589,4095,2506,-2842,-458,3300
704,1599,4095,107,1599,4095,2496,-2847,-448,3296
705,1592,4095,115,1592,4095,2503,-2844,-456,3299
706,1589,4095,109,1589,4095,2506,-2842,-458,3300
707,1593,4095,106,1593,4095,2502,-2844,-454,3298
708,1608,4095,117,1608,4095,2487,-2852,-440,3291
709,1620,4095,222,1620,4095,2475,-2858,-428,3285
710,1637,4095,103,1637,4095,2458,-2866,-410,3276
711,1655,4095,111,1655,4095,2440,-2875,-392,3268
712,1651,4095,116,1651,4095,2444,-2873,-396,3270
713,1671,4095,105,1671,4095,2424,-2883,-376,3260
714,1713,4095,107,1713,4095,2382,-2904,-334,3238
715,1740,4095,117,1740,4095,2355,-2918,-308,3225
716,1755,4095,110,1755,4095,2340,-2925,-292,3218
717,1787,4095,105,1787,4095,2308,-2941,-260,3202
718,1815,4095,117,1815,4095,2280,-2955,-232,3188
719,1819,4095,109,1819,4095,2276,-2957,-228,3186
720,1845,4093,99,1845,4093,2248,-2969,-202,3170
721,1854,3659,99,1854,3659,1805,-2756,24,2732
722,1877,3339,91,1877,3339,1462,-2608,208,2400
723,1909,3087,77,1909,3087,1178,-2498,366,2132
724,1989,2867,73,1989,2867,878,-2428,556,1872
725,2039,2664,75,2039,2664,625,-2352,707,1644
726,2077,2455,60,2077,2455,378,-2266,850,1416
727,2136,2212,51,2136,2212,76,-2174,1030,1144
728,2201,1963,57,2201,1963,-238,-2082,1220,862
729,2245,1707,44,2245,1707,-538,-1976,1392,584
730,2309,1453,147,2309,1453,-856,-1881,1582,298
731,2364,1215,43,2364,1215,-1149,-1790,1756,33
732,2387,1017,33,2387,1017,-1370,-1702,1878,-176
733,2393,810,23,2393,810,-1583,-1602,1988,-386
734,2411,597,19,2411,597,-1814,-1504,2112,-608
735,2439,397,25,2439,397,-2042,-1418,2240,-822
736,2452,215,18,2452,215,-2237,-1334,2344,-1011
737,2485,31,6,2485,31,-2454,-1258,2470,-1212
738,2491,7,21,2491,7,-2484,-1249,2488,-1238
739,2483,7,12,2483,7,-2476,-1245,2480,-1234
740,2495,6,5,2495,6,-2489,-1250,2492,-1242
741,2517,9,16,2517,9,-2508,-1263,2512,-1250
742,2508,9,16,2508,9,-2499,-1258,2504,-1245
743,2503,6,7,2503,6,-2497,-1254,2500,-1246
744,2510,6,9,2510,6,-2504,-1258,2507,-1249
745,2509,7,18,2509,7,-2502,-1258,2506,-1248
746,2510,6,9,2510,6,-2504,-1258,2507,-1249
747,2505,8,6,2505,8,-2497,-1256,2501,-1244
748,2488,6,19,2488,6,-2482,-1247,2485,-1238
749,2479,5,17,2479,5,-2474,-1242,2476,-1234
750,2477,6,73,2477,6,-2471,-1242,2474,-1232
751,2470,6,13,2470,6,-2464,-1238,2467,-1229
752,2449,6,17,2449,6,-2443,-1228,2446,-1218
753,2463,6,8,2463,6,-2457,-1234,2460,-1226
754,2471,6,7,2471,6,-2465,-1238,2468,-1230
755,2441,5,16,2441,5,-2436,-1223,2438,-1216
756,2428,5,9,2428,5,-2423,-1216,2426,-1209
757,2440,5,5,2440,5,-2435,-1222,2438,-1215
758,2429,7,19,2429,7,-2422,-1218,2426,-1208
759,2411,5,12,2411,5,-2406,-1208,2408,-1200
760,2405,5,5,2405,5,-2400,-1205,2402,-1198
761,2411,5,11,2411,5,-2406,-1208,2408,-1200
762,2408,4,19,2408,4,-2404,-1206,2406,-1200
763,2408,6,7,2408,6,-2402,-1207,2405,-1198
764,2403,6,9,2403,6,-2397,-1204,2400,-1196
765,2399,5,17,2399,5,-2394,-1202,2396,-1194
766,2419,7,12,2419,7,-2412,-1213,2416,-1202
767,2455,5,6,2455,5,-2450,-1230,2452,-1222
768,2469,8,19,2469,8,-2461,-1238,2465,-1226
769,2429,6,13,2429,6,-2423,-1218,2426,-1208
770,2418,7,2,2418,7,-2411,-1212,2414,-1202
771,2444,4,154,2444,4,-2440,-1224,2442,-1218
772,2455,5,20,2455,5,-2450,-1230,2452,-1222
773,2443,7,7,2443,7,-2436,-1225,2440,-1214
774,2427,7,9,2427,7,-2420,-1217,2424,-1206
775,2377,3,17,2377,3,-2374,-1190,2376,-1186
776,2343,5,11,2343,5,-2338,-1174,2340,-1166
777,2316,3,6,2316,3,-2313,-1160,2314,-1155
778,2292,2,20,2292,2,-2290,-1147,2291,-1144
779,2261,1,10,2261,1,-2260,-1131,2260,-1130
780,2251,2,3,2251,2,-2249,-1126,2250,-1124
781,2251,1,13,2251,1,-2250,-1126,2250,-1124
782,2227,1,15,2227,1,-2226,-1114,2226,-1112
783,2208,0,7,2208,0,-2208,-1104,2208,-1104
784,2199,1,8,2199,1,-2198,-1100,2198,-1098
785,2186,0,17,2186,0,-2186,-1093,2186,-1093
786,2182,0,11,2182,0,-2182,-1091,2182,-1091
787,2172,1,6,2172,1,-2171,-1086,2172,-1085
788,2153,0,19,2153,0,-2153,-1076,2153,-1076
789,2143,1,13,2143,1,-2142,-1072,2142,-1070
790,2143,0,5,2143,0,-2143,-1072,2143,-1072
791,2135,0,132,2135,0,-2135,-1068,2135,-1068
792,2120,0,16,2120,0,-2120,-1060,2120,-1060
793,2119,0,7,2119,0,-2119,-1060,2119,-1060
794,2123,0,6,2123,0,-2123,-1062,2123,-1062
795,2123,0,18,2123,0,-2123,-1062,2123,-1062
796,2137,0,9,2137,0,-2137,-1068,2137,-1068
797,2175,1,7,2175,1,-2174,-1088,2174,-1086
798,2187,2,19,2187,2,-2185,-1094,2186,-1092
799,2127,0,11,2127,0,-2127,-1064,2127,-1064
800,2123,0,4,2123,0,-2123,-1062,2123,-1062
801,2287,1,12,2287,1,-2286,-1144,2286,-1142
802,2748,13,18,2748,13,-2735,-1380,2742,-1361
803,3125,26,9,3125,26,-3099,-1576,3112,-1536
804,2920,271,16,2920,271,-2649,-1596,2784,-1189
805,2355,367,23,2355,367,-1988,-1361,2172,-810
806,1720,205,18,1720,205,-1515,-962,1618,-655
807,1318,0,5,1318,0,-1318,-659,1318,-659
808,1235,0,18,1235,0,-1235,-618,1235,-618
809,1381,0,12,1381,0,-1381,-690,1381,-690
810,1625,0,4,1625,0,-1625,-812,1625,-812
811,1829,0,27,1829,0,-1829,-914,1829,-914
812,2001,159,235,2001,159,-1842,-1080,1922,-842
813,2089,345,19,2089,345,-1744,-1217,1916,-700
814,2101,439,17,2101,439,-1662,-1270,1882,-612
815,2079,491,28,2079,491,-1588,-1285,1834,-548
816,2057,507,21,2057,507,-1550,-1282,1804,-522
817,2067,535,19,2067,535,-1532,-1301,1800,-498
818,2069,581,29,2069,581,-1488,-1325,1778,-454
819,2066,621,26,2066,621,-1445,-1344,1756,-412
820,2079,677,18,2079,677,-1402,-1378,1740,-362
821,2091,713,26,2091,713,-1378,-1402,1734,-332
822,2077,745,30,2077,745,-1332,-1411,1704,-294
823,2089,783,24,2089,783,-1306,-1436,1698,-262
824,2079,789,23,2079,789,-1290,-1434,1684,-250
825,2043,813,30,2043,813,-1230,-1428,1636,-208
826,2036,850,27,2036,850,-1186,-1443,1611,-168
827,2063,874,21,2063,874,-1189,-1468,1626,-158
828,2072,889,35,2072,889,-1183,-1480,1628,-147
829,2057,923,29,2057,923,-1134,-1490,1596,-106
830,2063,953,21,2063,953,-1110,-1508,1586,-78
831,2079,987,29,2079,987,-1092,-1533,1586,-52
832,2067,1039,171,2067,1039,-1028,-1553,1548,6
833,2057,1083,28,2057,1083,-974,-1570,1516,54
834,2067,1131,30,2067,1131,-936,-1599,1502,98
835,2075,1187,38,2075,1187,-888,-1631,1482,150
836,2073,1233,35,2073,1233,-840,-1653,1456,196
837,2091,1269,28,2091,1269,-822,-1680,1456,224
838,2101,1315,41,2101,1315,-786,-1708,1444,264
839,2104,1368,38,2104,1368,-736,-1736,1420,316
840,2109,1403,30,2109,1403,-706,-1756,1408,348
841,2121,1444,41,2121,1444,-677,-1782,1399,384
842,2125,1499,43,2125,1499,-626,-1812,1376,436
843,2127,1543,37,2127,1543,-584,-1835,1356,480
844,2143,1583,39,2143,1583,-560,-1863,1352,512
845,2151,1639,45,2151,1639,-512,-1895,1332,564
846,2153,1681,43,2153,1681,-472,-1917,1312,604
847,2159,1719,40,2159,1719,-440,-1939,1300,640
848,2172,1779,55,2172,1779,-393,-1976,1282,693
849,2157,1828,47,2157,1828,-329,-1992,1243,750
850,2153,1867,41,2153,1867,-286,-2010,1220,790
851,2151,1895,51,2151,1895,-256,-2023,1204,820
852,2137,1941,83,2137,1941,-196,-2039,1166,872
853,2125,1973,203,2125,1973,-152,-2049,1138,910
854,2111,2011,51,2111,2011,-100,-2061,1106,956
855,2100,2057,55,2100,2057,-43,-2078,1072,1007
856,2045,2073,54,2045,2073,28,-2059,1008,1050
857,2005,2069,45,2005,2069,64,-2037,970,1066
858,1973,2063,59,1973,2063,90,-2018,942,1076
859,1929,2045,55,1929,2045,116,-1987,906,1080
860,1897,2021,43,1897,2021,124,-1959,886,1072
861,1877,1999,52,1877,1999,122,-1938,878,1060
862,1827,1992,56,1827,1992,165,-1910,831,1078
863,1807,1975,45,1807,1975,168,-1891,820,1072
864,1791,1944,45,1791,1944,153,-1868,819,1048
865,1756,1937,54,1756,1937,181,-1846,788,1059
866,1717,1918,48,1717,1918,201,-1818,758,1060
867,1708,1899,41,1708,1899,191,-1804,758,1045
868,1716,1909,57,1716,1909,193,-1812,762,1051
869,1703,1919,48,1703,1919,216,-1811,744,1068
870,1707,1931,43,1707,1931,224,-1819,742,1078
871,1708,1932,51,1708,1932,224,-1820,742,1078
872,1700,1940,52,1700,1940,240,-1820,730,1090
873,1717,1957,157,1717,1957,240,-1837,738,1098
874,1735,1965,47,1735,1965,230,-1850,752,1098
875,1720,1999,56,1720,1999,279,-1860,720,1139
876,1717,2027,53,1717,2027,310,-1872,704,1168
877,1727,2041,47,1727,2041,314,-1884,706,1178
878,1734,2066,60,1734,2066,332,-1900,701,1199
879,1706,2087,55,1706,2087,381,-1896,662,1234
880,1707,2099,47,1707,2099,392,-1903,658,1246
881,1724,2117,55,1724,2117,393,-1920,666,1255
882,1726,2149,59,1726,2149,423,-1938,652,1286
883,1723,2171,53,1723,2171,448,-1947,638,1310
884,1740,2201,53,1740,2201,461,-1970,640,1331
885,1739,2249,60,1739,2249,510,-1994,614,1380
886,1723,2281,57,1723,2281,558,-2002,582,1420
887,1727,2312,53,1727,2312,585,-2020,571,1448
888,1739,2349,69,1739,2349,610,-2044,564,1480
889,1721,2398,61,1721,2398,677,-2060,522,1538
890,1722,2441,56,1722,2441,719,-2082,502,1580
891,1741,2493,62,1741,2493,752,-2117,494,1622
892,1717,2565,71,1717,2565,848,-2141,434,1706
893,1703,2629,93,1703,2629,926,-2166,388,1778
894,1695,2677,184,1695,2677,982,-2186,356,1830
895,1675,2764,83,1675,2764,1089,-2220,293,1926
896,1647,2851,76,1647,2851,1204,-2249,222,2028
897,1637,2926,72,1637,2926,1289,-2282,174,2108
898,1626,3030,87,1626,3030,1404,-2328,111,2217
899,1597,3160,85,1597,3160,1563,-2378,17,2362
900,1577,3281,78,1577,3281,1704,-2429,-64,2492
901,1565,3417,89,1565,3417,1852,-2491,-144,2634
902,1525,3599,99,1525,3599,2074,-2562,-274,2836
903,1487,3786,93,1487,3786,2299,-2636,-406,3042
904,1458,3999,99,1458,3999,2541,-2728,-542,3270
905,1437,4095,111,1437,4095,2658,-2766,-610,3376
906,1399,4095,109,1399,4095,2696,-2747,-648,3396
907,1369,4095,102,1369,4095,2726,-2732,-678,3410
908,1342,4095,117,1342,4095,2753,-2718,-706,3424
909,1319,4095,111,1319,4095,2776,-2707,-728,3436
910,1307,4095,103,1307,4095,2788,-2701,-740,3442
911,1287,4095,111,1287,4095,2808,-2691,-760,3452
912,1263,4095,115,1263,4095,2832,-2679,-784,3464
913,1269,4095,105,1269,4095,2826,-2682,-778,3460
914,1261,4095,205,1261,4095,2834,-2678,-786,3464
915,1244,4095,115,1244,4095,2851,-2670,-804,3473
916,1241,4095,109,1241,4095,2854,-2668,-806,3474
917,1239,4095,104,1239,4095,2856,-2667,-808,3476
918,1243,4095,119,1243,4095,2852,-2669,-804,3474
919,1246,4095,111,1246,4095,2849,-2670,-802,3472
920,1259,4095,103,1259,4095,2836,-2677,-788,3466
921,1269,4095,111,1269,4095,2826,-2682,-778,3460
922,1267,4095,112,1267,4095,2828,-2681,-780,3462
923,1255,4095,107,1255,4095,2840,-2675,-792,3468
924,1271,4095,106,1271,4095,2824,-2683,-776,3460
925,1263,4095,115,1263,4095,2832,-2679,-784,3464
926,1257,4095,110,1257,4095,2838,-2676,-790,3466
927,1275,4095,105,1275,4095,2820,-2685,-772,3458
928,1293,4095,118,1293,4095,2802,-2694,-754,3448
929,1285,4095,111,1285,4095,2810,-2690,-762,3452
930,1293,4095,103,1293,4095,2802,-2694,-754,3448
931,1307,4095,111,1307,4095,2788,-2701,-740,3442
932,1307,4095,111,1307,4095,2788,-2701,-740,3442
933,1317,4095,105,1317,4095,2778,-2706,-730,3436
934,1350,4095,153,1350,4095,2745,-2722,-698,3420
935,1383,4095,384,1383,4095,2712,-2739,-664,3404
936,1405,4095,116,1405,4095,2690,-2750,-642,3392
937,1422,4095,105,1422,4095,2673,-2758,-626,3384
938,1469,4095,119,1469,4095,2626,-2782,-578,3360
939,1493,4095,111,1493,4095,2602,-2794,-554,3348
940,1503,4095,102,1503,4095,2592,-2799,-544,3344
941,1543,4095,111,1543,4095,2552,-2819,-504,3324
942,1555,4095,116,1555,4095,2540,-2825,-492,3318
943,1583,4095,105,1583,4095,2512,-2839,-464,3304
944,1607,4095,105,1607,4095,2488,-2851,-440,3292
945,1579,4095,117,1579,4095,2516,-2837,-468,3306
946,1549,4095,109,1549,4095,2546,-2822,-498,3320
947,1545,4095,103,1545,4095,2550,-2820,-502,3322
948,1545,4095,118,1545,4095,2550,-2820,-502,3322
949,1541,4095,111,1541,4095,2554,-2818,-506,3324
950,1541,4095,102,1541,4095,2554,-2818,-506,3324
951,1557,4095,109,1557,4095,2538,-2826,-490,3316
952,1561,4095,115,1561,4095,2534,-2828,-486,3314
953,1555,4095,107,1555,4095,2540,-2825,-492,3318
954,1566,4095,106,1566,4095,2529,-2830,-482,3312
955,1587,4095,317,1587,4095,2508,-2841,-460,3302
956,1583,4095,115,1583,4095,2512,-2839,-464,3304
957,1596,4095,104,1596,4095,2499,-2846,-452,3297
958,1635,4095,119,1635,4095,2460,-2865,-412,3278
959,1639,4095,111,1639,4095,2456,-2867,-408,3276
960,1674,4095,105,1674,4095,2421,-2884,-374,3258
961,1717,4095,109,1717,4095,2378,-2906,-330,3236
962,1707,4095,116,1707,4095,2388,-2901,-340,3242
963,1691,4095,107,1691,4095,2404,-2893,-356,3250
964,1705,4095,105,1705,4095,2390,-2900,-342,3242
965,1741,4095,117,1741,4095,2354,-2918,-306,3224
966,1757,4095,110,1757,4095,2338,-2926,-290,3216
967,1817,4095,105,1817,4095,2278,-2956,-230,3186
968,1889,4095,118,1889,4095,2206,-2992,-158,3150
969,1867,4095,109,1867,4095,2228,-2981,-180,3162
970,1845,4095,103,1845,4095,2250,-2970,-202,3172
971,1997,4095,109,1997,4095,2098,-3046,-50,3096
972,2453,4095,115,2453,4095,1642,-3274,406,2868
973,2904,4095,105,2904,4095,1191,-3500,856,2643
974,2836,4095,107,2836,4095,1259,-3466,788,2677
975,2363,4095,185,2363,4095,1732,-3229,316,2914
976,1739,4095,333,1739,4095,2356,-2917,-308,3226
977,1229,4095,107,1229,4095,2866,-2662,-818,3480
978,1043,3663,105,1043,3663,2620,-2353,-788,3142
979,1149,3207,87,1149,3207,2058,-2178,-454,2632
980,1463,3006,71,1463,3006,1543,-2234,-40,2274
981,1771,2892,76,1771,2892,1121,-2332,325,2006
982,2011,2838,77,2011,2838,827,-2424,592,1832
983,2171,2739,68,2171,2739,568,-2455,802,1654
984,2231,2565,61,2231,2565,334,-2398,948,1450
985,2235,2358,67,2235,2358,123,-2296,1056,1240
986,2239,2124,56,2239,2124,-115,-2182,1177,1004
987,2301,1863,43,2301,1863,-438,-2082,1370,712
988,2391,1614,50,2391,1614,-777,-2002,1584,418
989,2439,1367,37,2439,1367,-1072,-1903,1756,148
990,2469,1131,25,2469,1131,-1338,-1800,1904,-104
991,2509,927,29,2509,927,-1582,-1718,2046,-328
992,2525,755,28,2525,755,-1770,-1640,2148,-508
993,2549,587,20,2549,587,-1962,-1568,2256,-688
994,2577,415,16,2577,415,-2162,-1496,2370,-874
995,2577,263,22,2577,263,-2314,-1420,2446,-1026
996,2589,103,151,2589,103,-2486,-1346,2538,-1192
997,2629,11,7,2629,11,-2618,-1320,2624,-1304
998,2647,12,20,2647,12,-2635,-1330,2641,-1312
999,2655,11,17,2655,11,-2644,-1333,2650,-1316
1000,2668,10,5,2668,10,-2658,-1339,2663,-1324
1001,2680,13,11,2680,13,-2667,-1346,2674,-1327
1002,2667,11,13,2667,11,-2656,-1339,2662,-1322
1003,2662,11,8,2662,11,-2651,-1336,2656,-1320
1004,2677,12,7,2677,12,-2665,-1344,2671,-1326
1005,2681,11,16,2681,11,-2670,-1346,2676,-1330
1006,2687,11,11,2687,11,-2676,-1349,2682,-1332
1007,2680,10,5,2680,10,-2670,-1345,2675,-1330
1008,2669,10,20,2669,10,-2659,-1340,2664,-1324
1009,2651,10,11,2651,10,-2641,-1330,2646,-1316
1010,2661,11,4,2661,11,-2650,-1336,2656,-1320
1011,2677,11,11,2677,11,-2666,-1344,2672,-1328
1012,2685,12,17,2685,12,-2673,-1348,2679,-1330
1013,2695,10,8,2695,10,-2685,-1352,2690,-1338
1014,2687,12,6,2687,12,-2675,-1350,2681,-1332
1015,2697,11,17,2697,11,-2686,-1354,2692,-1338
1016,2707,10,78,2707,10,-2697,-1358,2702,-1344
1017,2712,13,109,2712,13,-2699,-1362,2706,-1343
1018,2718,13,22,2718,13,-2705,-1366,2712,-1346
1019,2693,11,13,2693,11,-2682,-1352,2688,-1336
1020,2677,11,5,2677,11,-2666,-1344,2672,-1328
1021,2687,11,11,2687,11,-2676,-1349,2682,-1332
1022,2671,11,16,2671,11,-2660,-1341,2666,-1324
1023,2653,10,7,2653,10,-2643,-1332,2648,-1316
1024,2647,9,7,2647,9,-2638,-1328,2642,-1314
1025,2619,11,18,2619,11,-2608,-1315,2614,-1298
1026,2583,9,11,2583,9,-2574,-1296,2578,-1282
1027,2533,5,6,2533,5,-2528,-1269,2530,-1262
1028,2489,5,21,2489,5,-2484,-1247,2486,-1240
1029,2456,5,12,2456,5,-2451,-1230,2454,-1223
1030,2419,4,5,2419,4,-2415,-1212,2417,-1206
1031,2361,3,13,2361,3,-2358,-1182,2360,-1178
1032,2313,3,17,2313,3,-2310,-1158,2312,-1154
1033,2287,1,7,2287,1,-2286,-1144,2286,-1142
1034,2265,1,8,2265,1,-2264,-1133,2264,-1132
1035,2237,0,16,2237,0,-2237,-1118,2237,-1118
1036,2231,2,9,2231,2,-2229,-1116,2230,-1114
1037,2231,2,89,2231,2,-2229,-1116,2230,-1114
1038,2220,1,21,2220,1,-2219,-1110,2220,-1109
1039,2189,0,13,2189,0,-2189,-1094,2189,-1094
1040,2169,0,3,2169,0,-2169,-1084,2169,-1084
1041,2180,0,13,2180,0,-2180,-1090,2180,-1090
1042,2171,1,16,2171,1,-2170,-1086,2170,-1084
1043,2185,1,7,2185,1,-2184,-1093,2184,-1092
1044,2197,2,9,2197,2,-2195,-1100,2196,-1096
1045,2185,0,17,2185,0,-2185,-1092,2185,-1092
1046,2163,1,11,2163,1,-2162,-1082,2162,-1080
1047,2155,0,5,2155,0,-2155,-1078,2155,-1078
1048,2139,0,19,2139,0,-2139,-1070,2139,-1070
1049,2131,0,12,2131,0,-2131,-1066,2131,-1066
1050,2149,1,6,2149,1,-2148,-1075,2148,-1074
1051,2173,0,12,2173,0,-2173,-1086,2173,-1086
1052,2151,1,14,2151,1,-2150,-1076,2150,-1074
1053,2153,1,6,2153,1,-2152,-1077,2152,-1076
1054,2165,0,7,2165,0,-2165,-1082,2165,-1082
1055,2157,0,16,2157,0,-2157,-1078,2157,-1078
1056,2133,0,9,2133,0,-2133,-1066,2133,-1066
1057,2143,0,56,2143,0,-2143,-1072,2143,-1072
1058,2153,0,262,2153,0,-2153,-1076,2153,-1076
1059,2131,0,19,2131,0,-2131,-1066,2131,-1066
1060,2119,0,5,2119,0,-2119,-1060,2119,-1060
1061,2121,0,13,2121,0,-2121,-1060,2121,-1060
1062,2111,1,19,2111,1,-2110,-1056,2110,-1054
1063,2107,0,7,2107,0,-2107,-1054,2107,-1054
1064,2121,0,7,2121,0,-2121,-1060,2121,-1060
1065,2108,0,18,2108,0,-2108,-1054,2108,-1054
1066,2089,1,11,2089,1,-2088,-1045,2088,-1044
1067,2091,0,6,2091,0,-2091,-1046,2091,-1046
1068,2079,0,20,2079,0,-2079,-1040,2079,-1040
1069,2068,0,16,2068,0,-2068,-1034,2068,-1034
1070,2065,0,7,2065,0,-2065,-1032,2065,-1032
1071,2063,0,10,2063,0,-2063,-1032,2063,-1032
1072,2037,0,17,2037,0,-2037,-1018,2037,-1018
1073,2041,0,7,2041,0,-2041,-1020,2041,-1020
1074,2056,0,6,2056,0,-2056,-1028,2056,-1028
1075,2039,0,17,2039,0,-2039,-1020,2039,-1020
1076,2023,51,10,2023,51,-1972,-1037,1998,-960
1077,2019,119,7,2019,119,-1900,-1069,1960,-890
1078,2012,185,252,2012,185,-1827,-1098,1920,-821
1079,1991,245,21,1991,245,-1746,-1118,1868,-750
1080,1993,295,11,1993,295,-1698,-1144,1846,-702
1081,1999,338,21,1999,338,-1661,-1168,1830,-662
1082,1981,382,23,1981,382,-1599,-1182,1790,-608
1083,1971,424,17,1971,424,-1547,-1198,1759,-562
1084,1981,447,19,1981,447,-1534,-1214,1758,-544
1085,1973,495,27,1973,495,-1478,-1234,1726,-492
1086,1949,539,23,1949,539,-1410,-1244,1680,-436
1087,1957,576,17,1957,576,-1381,-1266,1669,-402
1088,1971,629,30,1971,629,-1342,-1300,1656,-356
1089,1949,665,26,1949,665,-1284,-1307,1616,-310
1090,1944,703,19,1944,703,-1241,-1324,1592,-269
1091,1956,745,27,1956,745,-1211,-1350,1584,-233
1092,1960,805,29,1960,805,-1155,-1382,1558,-175
1093,1963,831,23,1963,831,-1132,-1397,1548,-150
1094,1956,855,23,1956,855,-1101,-1406,1528,-123
1095,1933,889,33,1933,889,-1044,-1411,1488,-78
1096,1917,931,29,1917,931,-986,-1424,1452,-28
1097,1930,965,24,1930,965,-965,-1448,1448,0
1098,1931,1003,181,1931,1003,-928,-1467,1430,38
1099,1915,1053,269,1915,1053,-862,-1484,1388,96
1100,1911,1095,29,1911,1095,-816,-1503,1364,140
1101,1903,1135,37,1903,1135,-768,-1519,1336,184
1102,1895,1188,39,1895,1188,-707,-1542,1301,240
1103,1895,1225,31,1895,1225,-670,-1560,1282,278
1104,1889,1252,29,1889,1252,-637,-1570,1263,308
1105,1887,1298,41,1887,1298,-589,-1592,1238,354
1106,1892,1340,33,1892,1340,-552,-1616,1222,394
1107,1896,1373,30,1896,1373,-523,-1634,1210,425
1108,1893,1405,43,1893,1405,-488,-1649,1190,458
1109,1873,1443,40,1873,1443,-430,-1658,1152,506
1110,1896,1477,29,1896,1477,-419,-1686,1158,529
1111,1938,1523,42,1938,1523,-415,-1730,1176,554
1112,1956,1589,46,1956,1589,-367,-1772,1162,611
1113,1955,1626,38,1955,1626,-329,-1790,1142,648
1114,1949,1647,39,1949,1647,-302,-1798,1126,672
1115,1958,1709,47,1958,1709,-249,-1834,1104,730
1116,1993,1769,45,1993,1769,-224,-1881,1108,772
1117,2019,1827,41,2019,1827,-192,-1923,1106,818
1118,2012,1875,55,2012,1875,-137,-1944,1074,869
1119,1943,1883,249,1943,1883,-60,-1913,1002,912
1120,1913,1891,44,1913,1891,-22,-1902,968,934
1121,1899,1895,48,1899,1895,-4,-1897,952,946
1122,1873,1899,54,1873,1899,26,-1886,924,962
1123,1843,1903,44,1843,1903,60,-1873,892,982
1124,1819,1898,45,1819,1898,79,-1858,870,988
1125,1804,1915,53,1804,1915,111,-1860,846,1013
1126,1785,1929,47,1785,1929,144,-1857,820,1036
1127,1800,1949,44,1800,1949,149,-1874,826,1049
1128,1801,1976,59,1801,1976,175,-1888,813,1076
1129,1791,2007,53,1791,2007,216,-1899,788,1112
1130,1768,2009,45,1768,2009,241,-1888,764,1125
1131,1769,2023,56,1769,2023,254,-1896,758,1138
1132,1769,2058,56,1769,2058,289,-1914,740,1174
1133,1759,2079,50,1759,2079,320,-1919,720,1200
1134,1767,2101,47,1767,2101,334,-1934,716,1218
1135,1767,2137,59,1767,2137,370,-1952,698,1254
1136,1759,2167,55,1759,2167,408,-1963,676,1288
1137,1749,2181,47,1749,2181,432,-1965,658,1306
1138,1726,2205,63,1726,2205,479,-1966,624,1342
1139,1723,2259,157,1723,2259,536,-1991,594,1398
1140,1763,2332,210,1763,2332,569,-2048,597,1450
1141,1801,2423,69,1801,2423,622,-2112,590,1522
1142,1820,2519,71,1820,2519,699,-2170,560,1609
1143,1772,2534,59,1772,2534,762,-2153,505,1648
1144,1735,2535,60,1735,2535,800,-2135,468,1668
1145,1811,2647,75,1811,2647,836,-2229,488,1742
1146,2135,3031,81,2135,3031,896,-2583,620,1964
1147,2519,3674,91,2519,3674,1155,-3096,682,2414
1148,2421,4095,111,2421,4095,1674,-3258,374,2884
1149,1925,4095,108,1925,4095,2170,-3010,-122,3132
1150,1351,4025,98,1351,4025,2674,-2688,-662,3350
1151,931,3815,103,931,3815,2884,-2373,-976,3350
1152,748,3764,103,748,3764,3016,-2256,-1134,3390
1153,773,3885,97,773,3885,3112,-2329,-1170,3498
1154,936,4095,103,936,4095,3159,-2516,-1112,3627
1155,1097,4095,116,1097,4095,2998,-2596,-950,3546
1156,1213,4095,109,1213,4095,2882,-2654,-834,3488
1157,1323,4095,103,1323,4095,2772,-2709,-724,3434
1158,1369,4095,117,1369,4095,2726,-2732,-678,3410
1159,1351,4095,111,1351,4095,2744,-2723,-696,3420
1160,1331,4095,237,1331,4095,2764,-2713,-716,3430
1161,1343,4095,112,1343,4095,2752,-2719,-704,3424
1162,1343,4095,115,1343,4095,2752,-2719,-704,3424
1163,1333,4095,105,1333,4095,2762,-2714,-714,3428
1164,1356,4095,107,1356,4095,2739,-2726,-692,3417
1165,1339,4095,117,1339,4095,2756,-2717,-708,3426
1166,1307,4095,109,1307,4095,2788,-2701,-740,3442
1167,1319,4095,105,1319,4095,2776,-2707,-728,3436
1168,1353,4095,120,1353,4095,2742,-2724,-694,3418
1169,1343,4095,111,1343,4095,2752,-2719,-704,3424
1170,1351,4095,104,1351,4095,2744,-2723,-696,3420
1171,1371,4095,111,1371,4095,2724,-2733,-676,3410
1172,1372,4095,115,1372,4095,2723,-2734,-676,3409
1173,1383,4095,106,1383,4095,2712,-2739,-664,3404
1174,1405,4095,105,1405,4095,2690,-2750,-642,3392
1175,1407,4095,117,1407,4095,2688,-2751,-640,3392
1176,1419,4095,111,1419,4095,2676,-2757,-628,3386
1177,1432,4095,104,1432,4095,2663,-2764,-616,3379
1178,1449,4095,119,1449,4095,2646,-2772,-598,3370
1179,1462,4095,109,1462,4095,2633,-2778,-586,3364
1180,1482,4095,163,1482,4095,2613,-2788,-566,3354
1181,1480,4095,309,1480,4095,2615,-2788,-568,3355
1182,1483,4095,120,1483,4095,2612,-2789,-564,3354
1183,1499,4095,105,1499,4095,2596,-2797,-548,3346
1184,1540,4095,107,1540,4095,2555,-2818,-508,3325
1185,1567,4095,116,1567,4095,2528,-2831,-480,3312
1186,1580,4095,107,1580,4095,2515,-2838,-468,3305
1187,1615,4095,103,1615,4095,2480,-2855,-432,3288
1188,1641,4095,118,1641,4095,2454,-2868,-406,3274
1189,1651,4095,110,1651,4095,2444,-2873,-396,3270
1190,1671,4095,105,1671,4095,2424,-2883,-376,3260
1191,1705,4095,110,1705,4095,2390,-2900,-342,3242
1192,1727,4095,115,1727,4095,2368,-2911,-320,3232
1193,1737,4095,107,1737,4095,2358,-2916,-310,3226
1194,1758,4095,105,1758,4095,2337,-2926,-290,3216
1195,1779,4095,116,1779,4095,2316,-2937,-268,3206
1196,1773,4095,111,1773,4095,2322,-2934,-274,3208
1197,1785,4095,105,1785,4095,2310,-2940,-262,3202
1198,1789,4095,119,1789,4095,2306,-2942,-258,3200
1199,1779,4095,111,1779,4095,2316,-2937,-268,3206
1200,1783,4095,103,1783,4095,2312,-2939,-264,3204
1201,1773,4095,275,1773,4095,2322,-2934,-274,3208
1202,1737,4095,115,1737,4095,2358,-2916,-310,3226
1203,1686,4095,105,1686,4095,2409,-2890,-362,3252
1204,1663,4095,104,1663,4095,2432,-2879,-384,3264
1205,1660,4095,115,1660,4095,2435,-2878,-388,3265
1206,1644,4095,109,1644,4095,2451,-2870,-404,3273
1207,1635,4095,105,1635,4095,2460,-2865,-412,3278
1208,1627,4095,119,1627,4095,2468,-2861,-420,3282
1209,1611,4095,111,1611,4095,2484,-2853,-436,3290
1210,1623,4095,103,1623,4095,2472,-2859,-424,3284
1211,1639,4095,111,1639,4095,2456,-2867,-408,3276
1212,1635,4095,118,1635,4095,2460,-2865,-412,3278
1213,1625,4095,107,1625,4095,2470,-2860,-422,3282
1214,1670,4095,107,1670,4095,2425,-2882,-378,3260
1215,1701,4095,120,1701,4095,2394,-2898,-346,3244
1216,1675,4095,109,1675,4095,2420,-2885,-372,3258
1217,1693,4095,104,1693,4095,2402,-2894,-354,3248
1218,1746,4095,117,1746,4095,2349,-2920,-302,3222
1219,1763,4095,111,1763,4095,2332,-2929,-284,3214
1220,1775,4095,103,1775,4095,2320,-2935,-272,3208
1221,1819,4095,217,1819,4095,2276,-2957,-228,3186
1222,1823,4095,110,1823,4095,2272,-2959,-224,3184
1223,1831,3947,99,1831,3947,2116,-2889,-142,3032
1224,1844,3551,87,1844,3551,1707,-2698,68,2629
1225,1880,3277,91,1880,3277,1397,-2578,242,2337
1226,1915,3036,83,1915,3036,1121,-2476,397,2078
1227,1973,2810,69,1973,2810,837,-2392,568,1824
1228,2042,2600,76,2042,2600,558,-2321,742,1579
1229,2076,2365,61,2076,2365,289,-2220,894,1327
1230,2139,2120,46,2139,2120,-19,-2130,1079,1050
1231,2219,1863,51,2219,1863,-356,-2041,1288,754
1232,2266,1610,45,2266,1610,-656,-1938,1461,477
1233,2323,1358,33,2323,1358,-965,-1840,1644,196
1234,2379,1109,27,2379,1109,-1270,-1744,1824,-80
1235,2419,894,31,2419,894,-1525,-1656,1972,-316
1236,2424,688,24,2424,688,-1736,-1556,2080,-524
1237,2445,487,17,2445,487,-1958,-1466,2202,-736
1238,2463,309,25,2463,309,-2154,-1386,2308,-922
1239,2467,141,13,2467,141,-2326,-1304,2396,-1092
1240,2479,5,4,2479,5,-2474,-1242,2476,-1234
1241,2519,9,13,2519,9,-2510,-1264,2514,-1250
1242,2519,6,233,2519,6,-2513,-1262,2516,-1254
1243,2514,7,10,2514,7,-2507,-1260,2510,-1250
1244,2508,6,7,2508,6,-2502,-1257,2505,-1248
1245,2495,7,17,2495,7,-2488,-1251,2492,-1240
1246,2495,7,10,2495,7,-2488,-1251,2492,-1240
1247,2503,7,5,2503,7,-2496,-1255,2500,-1244
1248,2495,7,19,2495,7,-2488,-1251,2492,-1240
1249,2483,5,13,2483,5,-2478,-1244,2480,-1236
1250,2504,6,6,2504,6,-2498,-1255,2501,-1246
1251,2495,7,16,2495,7,-2488,-1251,2492,-1240
1252,2467,5,13,2467,5,-2462,-1236,2464,-1228
1253,2471,7,7,2471,7,-2464,-1239,2468,-1228
1254,2485,5,5,2485,5,-2480,-1245,2482,-1238
1255,2485,7,16,2485,7,-2478,-1246,2482,-1236
1256,2471,5,9,2471,5,-2466,-1238,2468,-1230
1257,2459,5,5,2459,5,-2454,-1232,2456,-1224
1258,2447,6,19,2447,6,-2441,-1226,2444,-1218
1259,2443,5,16,2443,5,-2438,-1224,2440,-1216
1260,2427,6,5,2427,6,-2421,-1216,2424,-1208
1261,2425,5,16,2425,5,-2420,-1215,2422,-1208
1262,2415,3,139,2415,3,-2412,-1209,2414,-1204
1263,2412,5,6,2412,5,-2407,-1208,2410,-1201
1264,2405,5,7,2405,5,-2400,-1205,2402,-1198
1265,2389,6,19,2389,6,-2383,-1198,2386,-1188
1266,2376,4,11,2376,4,-2372,-1190,2374,-1184
1267,2379,4,7,2379,4,-2375,-1192,2377,-1186
1268,2387,5,22,2387,5,-2382,-1196,2384,-1188
1269,2367,3,16,2367,3,-2364,-1185,2366,-1180
1270,2363,3,5,2363,3,-2360,-1183,2362,-1178
1271,2364,3,16,2364,3,-2361,-1184,2362,-1179
1272,2355,5,18,2355,5,-2350,-1180,2352,-1172
1273,2327,1,6,2327,1,-2326,-1164,2326,-1162
1274,2321,2,10,2321,2,-2319,-1162,2320,-1158
1275,2315,2,16,2315,2,-2313,-1158,2314,-1156
1276,2311,3,12,2311,3,-2308,-1157,2310,-1152
1277,2317,4,5,2317,4,-2313,-1160,2315,-1154
1278,2303,2,19,2303,2,-2301,-1152,2302,-1150
1279,2280,1,17,2280,1,-2279,-1140,2280,-1139
1280,2285,3,4,2285,3,-2282,-1144,2284,-1140
1281,2333,3,16,2333,3,-2330,-1168,2332,-1164
1282,2367,3,17,2367,3,-2364,-1185,2366,-1180
1283,2363,2,159,2363,2,-2361,-1182,2362,-1180
1284,2328,3,10,2328,3,-2325,-1166,2326,-1161
1285,2303,3,16,2303,3,-2300,-1153,2302,-1148
1286,2324,3,12,2324,3,-2321,-1164,2322,-1159
1287,2375,3,5,2375,3,-2372,-1189,2374,-1184
1288,2364,5,19,2364,5,-2359,-1184,2362,-1177
1289,2301,3,10,2301,3,-2298,-1152,2300,-1148
1290,2277,2,4,2277,2,-2275,-1140,2276,-1136
1291,2252,1,12,2252,1,-2251,-1126,2252,-1125
1292,2223,0,17,2223,0,-2223,-1112,2223,-1112
1293,2200,1,7,2200,1,-2199,-1100,2200,-1099
1294,2186,1,9,2186,1,-2185,-1094,2186,-1092
1295,2158,1,17,2158,1,-2157,-1080,2158,-1078
1296,2131,0,10,2131,0,-2131,-1066,2131,-1066
1297,2117,0,6,2117,0,-2117,-1058,2117,-1058
1298,2106,0,20,2106,0,-2106,-1053,2106,-1053
1299,2084,0,12,2084,0,-2084,-1042,2084,-1042
1300,2079,0,4,2079,0,-2079,-1040,2079,-1040
1301,2076,1,13,2076,1,-2075,-1038,2076,-1037
1302,2063,0,13,2063,0,-2063,-1032,2063,-1032
1303,2063,0,107,2063,0,-2063,-1032,2063,-1032
1304,2068,0,7,2068,0,-2068,-1034,2068,-1034
1305,2053,0,17,2053,0,-2053,-1026,2053,-1026
1306,2039,0,10,2039,0,-2039,-1020,2039,-1020
1307,2040,0,5,2040,0,-2040,-1020,2040,-1020
1308,2039,0,20,2039,0,-2039,-1020,2039,-1020
1309,2053,0,10,2053,0,-2053,-1026,2053,-1026
1310,2040,0,4,2040,0,-2040,-1020,2040,-1020
1311,2063,0,13,2063,0,-2063,-1032,2063,-1032
1312,2093,0,19,2093,0,-2093,-1046,2093,-1046
1313,2088,1,8,2088,1,-2087,-1044,2088,-1043
1314,2054,0,7,2054,0,-2054,-1027,2054,-1027
1315,2079,0,18,2079,0,-2079,-1040,2079,-1040
1316,2341,253,19,2341,253,-2088,-1297,2214,-918
1317,2856,762,21,2856,762,-2094,-1809,2475,-666
1318,3033,1144,41,3033,1144,-1889,-2088,2461,-372
1319,2659,1245,37,2659,1245,-1414,-1952,2036,-84
1320,2053,1015,23,2053,1015,-1038,-1534,1546,-12
1321,1459,632,25,1459,632,-827,-1046,1143,-98
1322,1140,325,22,1140,325,-815,-732,978,-245
1323,1167,198,22,1167,198,-969,-682,1068,-386
1324,1401,285,117,1401,285,-1116,-843,1258,-416
1325,1625,493,29,1625,493,-1132,-1059,1378,-320
1326,1813,729,25,1813,729,-1084,-1271,1448,-178
1327,1964,917,22,1964,917,-1047,-1440,1506,-65
1328,2017,998,37,2017,998,-1019,-1508,1518,-10
1329,2003,1034,31,2003,1034,-969,-1518,1486,32
1330,1996,1034,23,1996,1034,-962,-1515,1479,36
1331,1993,1035,31,1993,1035,-958,-1514,1476,38
1332,1979,1053,37,1979,1053,-926,-1516,1452,64
1333,1977,1064,28,1977,1064,-913,-1520,1445,76
1334,1983,1070,26,1983,1070,-913,-1526,1448,78
1335,1999,1109,37,1999,1109,-890,-1554,1444,110
1336,2007,1145,34,2007,1145,-862,-1576,1434,142
1337,2013,1161,25,2013,1161,-852,-1587,1432,154
1338,2017,1193,41,2017,1193,-824,-1605,1420,184
1339,2011,1227,37,2011,1227,-784,-1619,1398,222
1340,2023,1255,27,2023,1255,-768,-1639,1396,244
1341,2023,1268,39,2023,1268,-755,-1646,1389,256
1342,1999,1299,39,1999,1299,-700,-1649,1350,300
1343,1995,1320,35,1995,1320,-675,-1658,1335,322
1344,2007,1341,120,2007,1341,-666,-1674,1336,338
1345,2001,1392,44,2001,1392,-609,-1696,1305,392
1346,1989,1449,39,1989,1449,-540,-1719,1264,454
1347,1995,1477,31,1995,1477,-518,-1736,1256,480
1348,2007,1513,48,2007,1513,-494,-1760,1250,510
1349,2005,1556,43,2005,1556,-449,-1780,1227,554
1350,2041,1587,35,2041,1587,-454,-1814,1248,566
1351,2043,1607,41,2043,1607,-436,-1825,1240,586
1352,2031,1639,47,2031,1639,-392,-1835,1212,624
1353,2029,1675,39,2029,1675,-354,-1852,1192,660
1354,2056,1711,39,2056,1711,-345,-1884,1200,683
1355,2045,1763,51,2045,1763,-282,-1904,1164,740
1356,2043,1797,45,2043,1797,-246,-1920,1144,776
1357,2069,1829,41,2069,1829,-240,-1949,1154,794
1358,2072,1876,57,2072,1876,-196,-1974,1134,840
1359,2063,1919,51,2063,1919,-144,-1991,1104,888
1360,2093,1965,43,2093,1965,-128,-2029,1110,918
1361,2111,2003,53,2111,2003,-108,-2057,1110,948
1362,2105,2053,57,2105,2053,-52,-2079,1078,1000
1363,2107,2104,51,2107,2104,-3,-2106,1055,1050
1364,2121,2151,75,2121,2151,30,-2136,1046,1090
1365,2095,2201,307,2095,2201,106,-2148,994,1154
1366,2069,2265,61,2069,2265,196,-2167,936,1230
1367,2069,2327,53,2069,2327,258,-2198,906,1292
1368,2063,2381,73,2063,2381,318,-2222,872,1350
1369,2053,2441,68,2053,2441,388,-2247,832,1414
1370,2015,2476,55,2015,2476,461,-2246,777,1468
1371,1977,2509,69,1977,2509,532,-2243,722,1520
1372,1907,2553,71,1907,2553,646,-2230,630,1600
1373,1865,2597,68,1865,2597,732,-2231,566,1664
1374,1827,2621,62,1827,2621,794,-2224,516,1708
1375,1753,2661,73,1753,2661,908,-2207,422,1784
1376,1701,2705,71,1701,2705,1004,-2203,348,1854
1377,1685,2743,63,1685,2743,1058,-2214,314,1900
1378,1643,2781,82,1643,2781,1138,-2212,252,1960
1379,1597,2840,77,1597,2840,1243,-2218,177,2042
1380,1563,2889,69,1563,2889,1326,-2226,118,2108
1381,1545,2956,79,1545,2956,1411,-2250,67,2184
1382,1517,3033,83,1517,3033,1516,-2275,0,2274
1383,1503,3116,83,1503,3116,1613,-2310,-55,2364
1384,1491,3195,79,1491,3195,1704,-2343,-106,2450
1385,1463,3317,283,1463,3317,1854,-2390,-196,2586
1386,1425,3449,93,1425,3449,2024,-2437,-300,2736
1387,1415,3579,87,1415,3579,2164,-2497,-374,2872
1388,1399,3755,108,1399,3755,2356,-2577,-478,3056
1389,1377,3993,105,1377,3993,2616,-2685,-620,3304
1390,1371,4095,102,1371,4095,2724,-2733,-676,3410
1391,1359,4095,111,1359,4095,2736,-2727,-688,3416
1392,1327,4095,115,1327,4095,2768,-2711,-720,3432
1393,1312,4095,107,1312,4095,2783,-2704,-736,3439
1394,1309,4095,105,1309,4095,2786,-2702,-738,3440
1395,1301,4095,112,1301,4095,2794,-2698,-746,3444
1396,1273,4095,109,1273,4095,2822,-2684,-774,3458
1397,1261,4095,103,1261,4095,2834,-2678,-786,3464
1398,1259,4095,119,1259,4095,2836,-2677,-788,3466
1399,1252,4095,111,1252,4095,2843,-2674,-796,3469
1400,1257,4095,105,1257,4095,2838,-2676,-790,3466
1401,1255,4095,111,1255,4095,2840,-2675,-792,3468
1402,1247,4095,111,1247,4095,2848,-2671,-800,3472
1403,1257,4095,108,1257,4095,2838,-2676,-790,3466
1404,1285,4095,105,1285,4095,2810,-2690,-762,3452
1405,1287,4095,158,1287,4095,2808,-2691,-760,3452
1406,1263,4095,307,1263,4095,2832,-2679,-784,3464
1407,1255,4095,109,1255,4095,2840,-2675,-792,3468
1408,1256,4095,118,1256,4095,2839,-2676,-792,3467
1409,1288,4095,114,1288,4095,2807,-2692,-760,3451
1410,1291,4095,103,1291,4095,2804,-2693,-756,3450
1411,1285,4095,114,1285,4095,2810,-2690,-762,3452
1412,1259,4095,115,1259,4095,2836,-2677,-788,3466
1413,1279,4095,109,1279,4095,2816,-2687,-768,3456
1414,1325,4095,105,1325,4095,2770,-2710,-722,3432
1415,1339,4095,116,1339,4095,2756,-2717,-708,3426
1416,1330,4095,109,1330,4095,2765,-2712,-718,3430
1417,1343,4095,104,1343,4095,2752,-2719,-704,3424
1418,1356,4095,119,1356,4095,2739,-2726,-692,3417
1419,1351,4095,115,1351,4095,2744,-2723,-696,3420
1420,1353,4095,105,1353,4095,2742,-2724,-694,3418
1421,1385,4095,111,1385,4095,2710,-2740,-662,3402
1422,1391,4095,115,1391,4095,2704,-2743,-656,3400
1423,1389,4095,107,1389,4095,2706,-2742,-658,3400
1424,1407,4095,107,1407,4095,2688,-2751,-640,3392
1425,1425,4095,116,1425,4095,2670,-2760,-622,3382
1426,1423,4095,242,1423,4095,2672,-2759,-624,3384
1427,1439,4095,105,1439,4095,2656,-2767,-608,3376
1428,1448,4095,119,1448,4095,2647,-2772,-600,3371
1429,1453,4095,114,1453,4095,2642,-2774,-594,3368
1430,1459,4095,103,1459,4095,2636,-2777,-588,3366
1431,1496,4095,109,1496,4095,2599,-2796,-552,3347
1432,1507,4095,115,1507,4095,2588,-2801,-540,3342
1433,1525,4095,108,1525,4095,2570,-2810,-522,3332
1434,1551,4095,107,1551,4095,2544,-2823,-496,3320
1435,1561,4095,115,1561,4095,2534,-2828,-486,3314
1436,1555,4095,111,1555,4095,2540,-2825,-492,3318
1437,1571,4095,105,1571,4095,2524,-2833,-476,3310
1438,1589,4095,119,1589,4095,2506,-2842,-458,3300
1439,1571,4095,111,1571,4095,2524,-2833,-476,3310
1440,1577,4095,103,1577,4095,2518,-2836,-470,3306
1441,1621,4095,109,1621,4095,2474,-2858,-426,3284
1442,1637,4095,111,1637,4095,2458,-2866,-410,3276
1443,1643,4095,108,1643,4095,2452,-2869,-404,3274
1444,1671,4095,105,1671,4095,2424,-2883,-376,3260
1445,1689,4095,115,1689,4095,2406,-2892,-358,3250
1446,1693,4095,159,1693,4095,2402,-2894,-354,3248
1447,1700,4095,221,1700,4095,2395,-2898,-348,3245
1448,1725,4095,377,1725,4095,2370,-2910,-322,3232
1449,1725,4095,117,1725,4095,2370,-2910,-322,3232
1450,1736,4095,103,1736,4095,2359,-2916,-312,3227
1451,1757,4095,109,1757,4095,2338,-2926,-290,3216
1452,1779,4095,115,1779,4095,2316,-2937,-268,3206
1453,1805,4095,107,1805,4095,2290,-2950,-242,3192
1454,1829,4095,104,1829,4095,2266,-2962,-218,3180
1455,1830,4095,116,1830,4095,2265,-2962,-218,3180
1456,1827,4095,111,1827,4095,2268,-2961,-220,3182
1457,1845,4095,103,1845,4095,2250,-2970,-202,3172
1458,1876,4069,115,1876,4069,2193,-2972,-158,3131
1459,1907,3817,102,1907,3817,1910,-2862,-2,2864
1460,1945,3589,87,1945,3589,1644,-2767,150,2616
1461,1992,3381,90,1992,3381,1389,-2686,302,2385
1462,2031,3223,89,2031,3223,1192,-2627,420,2208
1463,2059,3051,78,2059,3051,992,-2555,534,2022
1464,2089,2872,71,2089,2872,783,-2480,653,1828
1465,2157,2731,77,2157,2731,574,-2444,792,1652
1466,2223,2581,68,2223,2581,358,-2402,932,1470
1467,2277,2397,135,2277,2397,120,-2337,1078,1258
1468,2310,2213,69,2310,2213,-97,-2262,1204,1058
1469,2301,2003,54,2301,2003,-298,-2152,1300,852
1470,2303,1758,39,2303,1758,-545,-2030,1424,606
1471,2351,1528,41,2351,1528,-823,-1940,1587,352
1472,2373,1311,40,2373,1311,-1062,-1842,1718,124
1473,2383,1085,29,2383,1085,-1298,-1734,1840,-106
1474,2404,871,23,2404,871,-1533,-1638,1968,-331
1475,2415,677,29,2415,677,-1738,-1546,2076,-530
1476,2423,485,23,2423,485,-1938,-1454,2180,-726
1477,2443,298,11,2443,298,-2145,-1370,2294,-924
1478,2456,136,25,2456,136,-2320,-1296,2388,-1092
1479,2451,8,16,2451,8,-2443,-1230,2447,-1218
1480,2461,6,6,2461,6,-2455,-1234,2458,-1224
1481,2472,6,12,2472,6,-2466,-1239,2469,-1230
1482,2453,7,13,2453,7,-2446,-1230,2450,-1220
1483,2459,7,10,2459,7,-2452,-1233,2456,-1222
1484,2478,5,7,2478,5,-2473,-1242,2476,-1234
1485,2490,8,17,2490,8,-2482,-1249,2486,-1237
1486,2475,6,11,2475,6,-2469,-1240,2472,-1232
1487,2474,6,43,2474,6,-2468,-1240,2471,-1231
1488,2476,6,235,2476,6,-2470,-1241,2473,-1232
1489,2471,5,19,2471,5,-2466,-1238,2468,-1230
1490,2488,8,7,2488,8,-2480,-1248,2484,-1236
1491,2535,7,12,2535,7,-2528,-1271,2532,-1260
1492,2521,6,16,2521,6,-2515,-1264,2518,-1254
1493,2463,5,10,2463,5,-2458,-1234,2460,-1226
1494,2495,7,6,2495,7,-2488,-1251,2492,-1240
1495,2804,13,17,2804,13,-2791,-1408,2798,-1389
1496,3321,25,12,3321,25,-3296,-1673,3308,-1636
1497,3373,29,6,3373,29,-3344,-1701,3358,-1658
1498,2931,22,21,2931,22,-2909,-1476,2920,-1444
1499,2355,3,13,2355,3,-2352,-1179,2354,-1174
1500,1881,0,5,1881,0,-1881,-940,1881,-940
1501,1689,0,10,1689,0,-1689,-844,1689,-844
1502,1714,0,17,1714,0,-1714,-857,1714,-857
1503,1913,0,8,1913,0,-1913,-956,1913,-956
1504,2133,0,7,2133,0,-2133,-1066,2133,-1066
1505,2311,1,17,2311,1,-2310,-1156,2310,-1154
1506,2451,7,12,2451,7,-2444,-1229,2448,-1218
1507,2525,7,5,2525,7,-2518,-1266,2522,-1256
1508,2511,6,216,2511,6,-2505,-1258,2508,-1250
1509,2453,6,17,2453,6,-2447,-1230,2450,-1220
1510,2421,5,5,2421,5,-2416,-1213,2418,-1206
1511,2412,6,12,2412,6,-2406,-1209,2409,-1200
1512,2397,5,17,2397,5,-2392,-1201,2394,-1194
1513,2405,5,9,2405,5,-2400,-1205,2402,-1198
1514,2414,4,7,2414,4,-2410,-1209,2412,-1203
1515,2411,4,18,2411,4,-2407,-1208,2409,-1202
1516,2405,6,12,2405,6,-2399,-1206,2402,-1196
1517,2411,4,4,2411,4,-2407,-1208,2409,-1202
1518,2407,4,21,2407,4,-2403,-1206,2405,-1200
1519,2381,3,12,2381,3,-2378,-1192,2380,-1188
1520,2391,6,5,2391,6,-2385,-1198,2388,-1190
1521,2403,5,12,2403,5,-2398,-1204,2400,-1196
1522,2387,5,16,2387,5,-2382,-1196,2384,-1188
1523,2363,5,9,2363,5,-2358,-1184,2360,-1176
1524,2360,6,8,2360,6,-2354,-1183,2357,-1174
1525,2359,6,17,2359,6,-2353,-1182,2356,-1174
1526,2351,2,11,2351,2,-2349,-1176,2350,-1174
1527,2357,3,5,2357,3,-2354,-1180,2356,-1176
1528,2375,5,137,2375,5,-2370,-1190,2372,-1182
1529,2349,5,227,2349,5,-2344,-1177,2346,-1170
1530,2333,2,9,2333,2,-2331,-1168,2332,-1164
1531,2341,4,11,2341,4,-2337,-1172,2339,-1166
1532,2341,4,17,2341,4,-2337,-1172,2339,-1166
1533,2376,6,9,2376,6,-2370,-1191,2373,-1182
1534,2391,5,8,2391,5,-2386,-1198,2388,-1190
1535,2379,4,14,2379,4,-2375,-1192,2377,-1186
1536,2363,3,12,2363,3,-2360,-1183,2362,-1178
1537,2357,4,5,2357,4,-2353,-1180,2355,-1174
1538,2355,5,21,2355,5,-2350,-1180,2352,-1172
1539,2350,106,13,2350,106,-2244,-1228,2297,-1069
1540,2365,214,9,2365,214,-2151,-1290,2258,-968
1541,2395,295,17,2395,295,-2100,-1345,2248,-902
1542,2405,378,24,2405,378,-2027,-1392,2216,-824
1543,2411,453,19,2411,453,-1958,-1432,2184,-752
1544,2404,492,20,2404,492,-1912,-1448,2158,-710
1545,2387,548,27,2387,548,-1839,-1468,2113,-646
1546,2357,584,23,2357,584,-1773,-1470,2065,-594
1547,2341,605,17,2341,605,-1736,-1473,2038,-566
1548,2323,628,31,2323,628,-1695,-1476,2009,-534
1549,2296,665,181,2296,665,-1631,-1480,1964,-483
1550,2283,683,20,2283,683,-1600,-1483,1942,-458
1551,2251,688,25,2251,688,-1563,-1470,1907,-438
1552,2190,693,28,2190,693,-1497,-1442,1844,-402
1553,2140,687,22,2140,687,-1453,-1414,1796,-383
1554,2127,669,21,2127,669,-1458,-1398,1792,-394
1555,2087,653,28,2087,653,-1434,-1370,1760,-390
1556,2039,639,25,2039,639,-1400,-1339,1720,-380
1557,2013,611,18,2013,611,-1402,-1312,1708,-396
1558,2007,595,31,2007,595,-1412,-1301,1710,-408
1559,1989,597,27,1989,597,-1392,-1293,1690,-398
1560,1971,588,17,1971,588,-1383,-1280,1677,-398
1561,1961,585,22,1961,585,-1376,-1273,1668,-396
1562,1941,595,29,1941,595,-1346,-1268,1644,-376
1563,1929,589,22,1929,589,-1340,-1259,1634,-376
1564,1918,585,19,1918,585,-1333,-1252,1626,-374
1565,1909,599,27,1909,599,-1310,-1254,1610,-356
1566,1919,622,25,1919,622,-1297,-1270,1608,-338
1567,1931,632,18,1931,632,-1299,-1282,1615,-334
1568,1915,653,37,1915,653,-1262,-1284,1588,-304
1569,1903,687,105,1903,687,-1216,-1295,1560,-264
1570,1917,718,155,1917,718,-1199,-1318,1558,-240
1571,1927,756,25,1927,756,-1171,-1342,1549,-208
1572,1908,803,30,1908,803,-1105,-1356,1506,-151
1573,1901,831,26,1901,831,-1070,-1366,1486,-120
1574,1911,853,24,1911,853,-1058,-1382,1484,-102
1575,1909,891,35,1909,891,-1018,-1400,1464,-64
1576,1911,926,28,1911,926,-985,-1418,1448,-30
1577,1914,947,25,1914,947,-967,-1430,1440,-10
1578,1900,967,41,1900,967,-933,-1434,1416,17
1579,1893,1000,33,1893,1000,-893,-1446,1393,54
1580,1909,1033,25,1909,1033,-876,-1471,1392,78
1581,1928,1053,29,1928,1053,-875,-1490,1402,89
1582,1903,1091,38,1903,1091,-812,-1497,1358,140
1583,1896,1115,31,1896,1115,-781,-1506,1338,167
1584,1896,1133,28,1896,1133,-763,-1514,1330,185
1585,1889,1174,39,1889,1174,-715,-1532,1302,230
1586,1895,1215,37,1895,1215,-680,-1555,1288,268
1587,1903,1235,29,1903,1235,-668,-1569,1286,284
1588,1897,1263,43,1897,1263,-634,-1580,1266,314
1589,1883,1305,37,1883,1305,-578,-1594,1230,364
1590,1879,1323,155,1879,1323,-556,-1601,1218,384
1591,1870,1357,37,1870,1357,-513,-1614,1192,422
1592,1851,1399,41,1851,1399,-452,-1625,1152,474
1593,1865,1437,37,1865,1437,-428,-1651,1146,504
1594,1879,1459,36,1879,1459,-420,-1669,1150,520
1595,1867,1483,43,1867,1483,-384,-1675,1126,550
1596,1853,1509,39,1853,1509,-344,-1681,1098,582
1597,1861,1515,31,1861,1515,-346,-1688,1104,584
1598,1863,1553,51,1863,1553,-310,-1708,1086,622
1599,1853,1587,43,1853,1587,-266,-1720,1060,660
1600,1853,1599,35,1853,1599,-254,-1726,1054,672
1601,1845,1611,41,1845,1611,-234,-1728,1040,688
1602,1839,1643,45,1839,1643,-196,-1741,1018,724
1603,1833,1657,41,1833,1657,-176,-1745,1004,740
1604,1831,1675,39,1831,1675,-156,-1753,994,760
1605,1829,1703,47,1829,1703,-126,-1766,978,788
1606,1819,1735,43,1819,1735,-84,-1777,952,826
1607,1834,1767,40,1834,1767,-67,-1800,950,850
1608,1833,1790,56,1833,1790,-43,-1812,938,874
1609,1819,1823,47,1819,1823,4,-1821,908,914
1610,1816,1839,92,1816,1839,23,-1828,896,931
1611,1817,1862,200,1817,1862,45,-1840,886,954
1612,1787,1897,58,1787,1897,110,-1842,838,1004
1613,1769,1927,47,1769,1927,158,-1848,806,1042
1614,1797,1956,45,1797,1956,159,-1876,819,1058
1615,1797,2001,61,1797,2001,204,-1899,796,1102
1616,1782,2029,53,1782,2029,247,-1906,768,1138
1617,1786,2043,45,1786,2043,257,-1914,764,1150
1618,1773,2066,61,1773,2066,293,-1920,740,1180
1619,1764,2104,55,1764,2104,340,-1934,712,1222
1620,1766,2121,46,1766,2121,355,-1944,706,1238
1621,1771,2141,53,1771,2141,370,-1956,700,1256
1622,1771,2187,60,1771,2187,416,-1979,678,1302
1623,1783,2231,53,1783,2231,448,-2007,668,1340
1624,1813,2277,52,1813,2277,464,-2045,674,1370
1625,1827,2349,67,1827,2349,522,-2088,652,1436
1626,1820,2413,62,1820,2413,593,-2116,614,1503
1627,1813,2467,56,1813,2467,654,-2140,580,1560
1628,1806,2547,76,1806,2547,741,-2176,532,1644
1629,1813,2648,71,1813,2648,835,-2230,489,1742
1630,1821,2743,62,1821,2743,922,-2282,450,1832
1631,1831,2854,219,1831,2854,1023,-2342,404,1938
1632,1784,2983,87,1784,2983,1199,-2384,292,2091
1633,1723,3091,79,1723,3091,1368,-2407,178,2230
1634,1685,3188,81,1685,3188,1503,-2436,91,2346
1635,1626,3315,93,1626,3315,1689,-2470,-32,2502
1636,1568,3439,90,1568,3439,1871,-2504,-152,2655
1637,1527,3579,87,1527,3579,2052,-2553,-262,2816
1638,1501,3770,107,1501,3770,2269,-2636,-384,3020
1639,1479,4018,107,1479,4018,2539,-2748,-530,3278
1640,1451,4095,103,1451,4095,2644,-2773,-596,3370
1641,1414,4095,108,1414,4095,2681,-2754,-634,3388
1642,1343,4095,115,1343,4095,2752,-2719,-704,3424
1643,1307,4095,107,1307,4095,2788,-2701,-740,3442
1644,1290,4095,106,1290,4095,2805,-2692,-758,3450
1645,1279,4095,117,1279,4095,2816,-2687,-768,3456
1646,1257,4095,110,1257,4095,2838,-2676,-790,3466
1647,1259,4095,103,1259,4095,2836,-2677,-788,3466
1648,1273,4095,121,1273,4095,2822,-2684,-774,3458
1649,1253,4095,111,1253,4095,2842,-2674,-794,3468
1650,1240,4095,103,1240,4095,2855,-2668,-808,3475
1651,1251,4095,200,1251,4095,2844,-2673,-796,3470
1652,1239,4095,413,1239,4095,2856,-2667,-808,3476
1653,1244,4095,117,1244,4095,2851,-2670,-804,3473
1654,1252,4095,105,1252,4095,2843,-2674,-796,3469
1655,1291,4095,117,1291,4095,2804,-2693,-756,3450
1656,1301,4095,110,1301,4095,2794,-2698,-746,3444
1657,1264,4095,105,1264,4095,2831,-2680,-784,3463
1658,1283,4095,121,1283,4095,2812,-2689,-764,3454
1659,1549,4095,112,1549,4095,2546,-2822,-498,3320
1660,2063,4095,103,2063,4095,2032,-3079,16,3064
1661,2201,4095,110,2201,4095,1894,-3148,154,2994
1662,1869,4095,117,1869,4095,2226,-2982,-178,3160
1663,1341,4095,109,1341,4095,2754,-2718,-706,3424
1664,915,4095,107,915,4095,3180,-2505,-1132,3638
1665,699,4095,117,699,4095,3396,-2397,-1348,3746
1666,668,4095,111,668,4095,3427,-2382,-1380,3761
1667,795,4095,104,795,4095,3300,-2445,-1252,3698
1668,996,4095,121,996,4095,3099,-2546,-1052,3597
1669,1161,4095,111,1161,4095,2934,-2628,-886,3514
1670,1312,4095,103,1312,4095,2783,-2704,-736,3439
1671,1435,4095,107,1435,4095,2660,-2765,-612,3378
1672,1455,4095,372,1455,4095,2640,-2775,-592,3368
1673,1447,4095,114,1447,4095,2648,-2771,-600,3372
1674,1447,4095,105,1447,4095,2648,-2771,-600,3372
1675,1470,4095,115,1470,4095,2625,-2782,-578,3360
1676,1497,4095,109,1497,4095,2598,-2796,-550,3346
1677,1511,4095,103,1511,4095,2584,-2803,-536,3340
1678,1544,4095,121,1544,4095,2551,-2820,-504,3323
1679,1542,4095,111,1542,4095,2553,-2818,-506,3324
1680,1571,4095,104,1571,4095,2524,-2833,-476,3310
1681,1591,4095,108,1591,4095,2504,-2843,-456,3300
1682,1597,4095,116,1597,4095,2498,-2846,-450,3296
1683,1615,4095,109,1615,4095,2480,-2855,-432,3288
1684,1635,4095,105,1635,4095,2460,-2865,-412,3278
1685,1647,4095,117,1647,4095,2448,-2871,-400,3272
1686,1672,4095,111,1672,4095,2423,-2884,-376,3259
1687,1693,4095,105,1693,4095,2402,-2894,-354,3248
1688,1711,4095,120,1711,4095,2384,-2903,-336,3240
1689,1717,4095,115,1717,4095,2378,-2906,-330,3236
1690,1749,4095,104,1749,4095,2346,-2922,-298,3220
1691,1785,4095,107,1785,4095,2310,-2940,-262,3202
1692,1789,4095,223,1789,4095,2306,-2942,-258,3200
1693,1811,4095,339,1811,4095,2284,-2953,-236,3190
1694,1831,4095,109,1831,4095,2264,-2963,-216,3180
1695,1846,4095,115,1846,4095,2249,-2970,-202,3172
1696,1867,4095,111,1867,4095,2228,-2981,-180,3162
1697,1897,4095,105,1897,4095,2198,-2996,-150,3146
1698,1932,4095,120,1932,4095,2163,-3014,-116,3129
1699,1944,4095,115,1944,4095,2151,-3020,-104,3123
1700,1965,4095,104,1965,4095,2130,-3030,-82,3112
1701,2011,4095,109,2011,4095,2084,-3053,-36,3090
1702,2039,4095,117,2039,4095,2056,-3067,-8,3076
1703,2063,4095,108,2063,4095,2032,-3079,16,3064
1704,2090,4095,105,2090,4095,2005,-3092,42,3050
1705,2093,4095,115,2093,4095,2002,-3094,46,3048
1706,2108,4095,111,2108,4095,1987,-3102,60,3041
1707,2137,4095,103,2137,4095,1958,-3116,90,3026
1708,2158,4095,119,2158,4095,1937,-3126,110,3016
1709,2153,4095,115,2153,4095,1942,-3124,106,3018
1710,2165,4095,105,2165,4095,1930,-3130,118,3012
1711,2182,4095,108,2182,4095,1913,-3138,134,3004
1712,2157,4095,118,2157,4095,1938,-3126,110,3016
1713,2138,4095,293,2138,4095,1957,-3116,90,3026
1714,2124,4095,108,2124,4095,1971,-3110,76,3033
1715,2104,4095,115,2104,4095,1991,-3100,56,3043
1716,2075,3997,104,2075,3997,1922,-3036,76,2960
1717,2052,3602,88,2052,3602,1550,-2827,251,2576
1718,2055,3285,93,2055,3285,1230,-2670,412,2258
1719,2039,3013,79,2039,3013,974,-2526,532,1994
1720,2043,2751,68,2043,2751,708,-2397,668,1730
1721,2079,2501,61,2079,2501,422,-2290,828,1462
1722,2121,2249,61,2121,2249,128,-2185,996,1188
1723,2155,1961,47,2155,1961,-194,-2058,1174,884
1724,2201,1651,39,2201,1651,-550,-1926,1376,550
1725,2264,1355,41,2264,1355,-909,-1810,1586,223
1726,2303,1077,35,2303,1077,-1226,-1690,1764,-74
1727,2347,814,20,2347,814,-1533,-1580,1940,-360
1728,2381,581,31,2381,581,-1800,-1481,2090,-610
1729,2392,349,21,2392,349,-2043,-1370,2218,-847
1730,2409,138,9,2409,138,-2271,-1274,2340,-1066
1731,2447,7,10,2447,7,-2440,-1227,2444,-1216
1732,2472,7,17,2472,7,-2465,-1240,2468,-1229
1733,2487,7,103,2487,7,-2480,-1247,2484,-1236
1734,2483,6,9,2483,6,-2477,-1244,2480,-1236
1735,2471,7,18,2471,7,-2464,-1239,2468,-1228
1736,2472,6,11,2472,6,-2466,-1239,2469,-1230
1737,2503,7,4,2503,7,-2496,-1255,2500,-1244
1738,2519,8,21,2519,8,-2511,-1264,2515,-1252
1739,2502,8,12,2502,8,-2494,-1255,2498,-1243
1740,2491,6,4,2491,6,-2485,-1248,2488,-1240
1741,2501,7,10,2501,7,-2494,-1254,2498,-1244
1742,2489,7,17,2489,7,-2482,-1248,2486,-1238
1743,2489,7,9,2489,7,-2482,-1248,2486,-1238
1744,2483,7,7,2483,7,-2476,-1245,2480,-1234
1745,2468,5,19,2468,5,-2463,-1236,2466,-1229
1746,2447,5,13,2447,5,-2442,-1226,2444,-1218
1747,2479,6,5,2479,6,-2473,-1242,2476,-1234
1748,2500,7,22,2500,7,-2493,-1254,2496,-1243
1749,2459,6,13,2459,6,-2453,-1232,2456,-1224
1750,2431,5,5,2431,5,-2426,-1218,2428,-1210
1751,2430,5,10,2430,5,-2425,-1218,2428,-1210
1752,2428,6,13,2428,6,-2422,-1217,2425,-1208
1753,2423,5,11,2423,5,-2418,-1214,2420,-1206
1754,2423,4,111,2423,4,-2419,-1214,2421,-1208
1755,2411,6,19,2411,6,-2405,-1208,2408,-1200
1756,2379,5,13,2379,5,-2374,-1192,2376,-1184
1757,2375,5,5,2375,5,-2370,-1190,2372,-1182
1758,2375,5,21,2375,5,-2370,-1190,2372,-1182
1759,2340,2,14,2340,2,-2338,-1171,2339,-1168
1760,2351,4,5,2351,4,-2347,-1178,2349,-1172
1761,2351,4,9,2351,4,-2347,-1178,2349,-1172
1762,2325,4,19,2325,4,-2321,-1164,2323,-1158
1763,2311,1,11,2311,1,-2310,-1156,2310,-1154
1764,2303,3,6,2303,3,-2300,-1153,2302,-1148
1765,2295,3,17,2295,3,-2292,-1149,2294,-1144
1766,2285,2,12,2285,2,-2283,-1144,2284,-1140
1767,2284,2,6,2284,2,-2282,-1143,2283,-1140
1768,2281,1,25,2281,1,-2280,-1141,2280,-1140
1769,2275,2,17,2275,2,-2273,-1138,2274,-1136
1770,2281,1,4,2281,1,-2280,-1141,2280,-1140
1771,2280,3,9,2280,3,-2277,-1142,2278,-1137
1772,2236,1,17,2236,1,-2235,-1118,2236,-1117
1773,2217,2,10,2217,2,-2215,-1110,2216,-1106
1774,2223,0,88,2223,0,-2223,-1112,2223,-1112
1775,2213,1,18,2213,1,-2212,-1107,2212,-1106
1776,2227,2,13,2227,2,-2225,-1114,2226,-1112
1777,2217,1,7,2217,1,-2216,-1109,2216,-1108
1778,2199,2,19,2199,2,-2197,-1100,2198,-1098
1779,2183,1,12,2183,1,-2182,-1092,2182,-1090
1780,2203,2,6,2203,2,-2201,-1102,2202,-1100
1781,2215,0,9,2215,0,-2215,-1108,2215,-1108
1782,2185,1,17,2185,1,-2184,-1093,2184,-1092
1783,2148,0,9,2148,0,-2148,-1074,2148,-1074
1784,2166,1,9,2166,1,-2165,-1084,2166,-1082
1785,2184,0,17,2184,0,-2184,-1092,2184,-1092
1786,2175,1,10,2175,1,-2174,-1088,2174,-1086
1787,2147,1,5,2147,1,-2146,-1074,2146,-1072
1788,2136,0,22,2136,0,-2136,-1068,2136,-1068
1789,2155,0,13,2155,0,-2155,-1078,2155,-1078
1790,2171,0,4,2171,0,-2171,-1086,2171,-1086
1791,2167,1,9,2167,1,-2166,-1084,2166,-1082
1792,2137,0,17,2137,0,-2137,-1068,2137,-1068
1793,2109,0,10,2109,0,-2109,-1054,2109,-1054
1794,2121,0,8,2121,0,-2121,-1060,2121,-1060
1795,2133,0,263,2133,0,-2133,-1066,2133,-1066
1796,2152,0,19,2152,0,-2152,-1076,2152,-1076
1797,2147,2,5,2147,2,-2145,-1074,2146,-1072
1798,2135,0,23,2135,0,-2135,-1068,2135,-1068
1799,2136,0,12,2136,0,-2136,-1068,2136,-1068
1800,2148,1,5,2148,1,-2147,-1074,2148,-1073
1801,2174,0,10,2174,0,-2174,-1087,2174,-1087
1802,2200,0,13,2200,0,-2200,-1100,2200,-1100
1803,2188,0,10,2188,0,-2188,-1094,2188,-1094
1804,2167,2,7,2167,2,-2165,-1084,2166,-1082
1805,2131,1,17,2131,1,-2130,-1066,2130,-1064
1806,2073,53,12,2073,53,-2020,-1063,2046,-984
1807,2045,125,9,2045,125,-1920,-1085,1982,-898
1808,2031,174,25,2031,174,-1857,-1102,1944,-842
1809,2021,225,19,2021,225,-1796,-1123,1908,-786
1810,2005,238,9,2005,238,-1767,-1122,1886,-764
1811,1995,266,16,1995,266,-1729,-1130,1862,-732
1812,1958,285,21,1958,285,-1673,-1122,1816,-694
1813,1927,297,17,1927,297,-1630,-1112,1778,-666
1814,1945,311,13,1945,311,-1634,-1128,1790,-662
1815,1917,335,202,1917,335,-1582,-1126,1750,-624
1816,1887,373,21,1887,373,-1514,-1130,1700,-570
1817,1915,429,12,1915,429,-1486,-1172,1700,-528
1818,1927,487,30,1927,487,-1440,-1207,1684,-476
1819,1927,555,24,1927,555,-1372,-1241,1650,-408
1820,1943,601,18,1943,601,-1342,-1272,1642,-370
1821,1949,617,24,1949,617,-1332,-1283,1640,-358
1822,1928,667,29,1928,667,-1261,-1298,1594,-297
1823,1911,695,22,1911,695,-1216,-1303,1564,-260
1824,1909,722,22,1909,722,-1187,-1316,1548,-232
1825,1903,759,30,1903,759,-1144,-1331,1524,-192
1826,1917,821,26,1917,821,-1096,-1369,1506,-138
1827,1963,861,23,1963,861,-1102,-1412,1532,-120
1828,1931,847,37,1931,847,-1084,-1389,1508,-118
1829,1869,843,30,1869,843,-1026,-1356,1448,-92
1830,1978,919,23,1978,919,-1059,-1448,1518,-70
1831,2393,1272,33,2393,1272,-1121,-1832,1757,76
1832,2843,1799,51,2843,1799,-1044,-2321,1944,378
1833,2788,2044,51,2788,2044,-744,-2416,1766,650
1834,2341,1997,46,2341,1997,-344,-2169,1342,826
1835,1705,1694,57,1705,1694,-11,-1700,858,842
1836,1189,1335,213,1189,1335,146,-1262,522,740
1837,999,1087,28,999,1087,88,-1043,456,588
1838,1096,1045,41,1096,1045,-51,-1070,574,497
1839,1299,1187,37,1299,1187,-112,-1243,706,538
1840,1528,1365,29,1528,1365,-163,-1446,846,601
1841,1726,1571,39,1726,1571,-155,-1648,940,708
1842,1847,1753,51,1847,1753,-94,-1800,970,830
1843,1893,1840,47,1893,1840,-53,-1866,973,894
1844,1903,1843,41,1903,1843,-60,-1873,982,892
1845,1892,1845,52,1892,1845,-47,-1868,970,899
1846,1880,1838,51,1880,1838,-42,-1859,961,898
1847,1877,1820,41,1877,1820,-57,-1848,967,882
1848,1901,1831,55,1901,1831,-70,-1866,986,880
1849,1919,1863,53,1919,1863,-56,-1891,988,904
1850,1935,1879,40,1935,1879,-56,-1907,996,912
1851,1933,1885,46,1933,1885,-48,-1909,990,918
1852,1912,1913,53,1912,1913,1,-1912,956,957
1853,1931,1939,47,1931,1939,8,-1935,962,974
1854,1937,1939,45,1937,1939,2,-1938,968,970
1855,1938,1965,57,1938,1965,27,-1952,956,996
1856,1915,1992,175,1915,1992,77,-1954,919,1034
1857,1919,2019,45,1919,2019,100,-1969,910,1060
1858,1938,2053,60,1938,2053,115,-1996,912,1084
1859,1919,2087,55,1919,2087,168,-2003,876,1128
1860,1927,2109,47,1927,2109,182,-2018,872,1146
1861,1935,2132,53,1935,2132,197,-2034,869,1164
1862,1941,2187,63,1941,2187,246,-2064,848,1216
1863,1941,2223,57,1941,2223,282,-2082,830,1252
1864,1947,2253,54,1947,2253,306,-2100,820,1280
1865,1947,2287,63,1947,2287,340,-2117,804,1314
1866,1932,2341,58,1932,2341,409,-2136,762,1375
1867,1945,2395,54,1945,2395,450,-2170,748,1422
1868,1962,2456,73,1962,2456,494,-2209,734,1475
1869,1949,2531,71,1949,2531,582,-2240,684,1556
1870,1948,2603,59,1948,2603,655,-2276,646,1629
1871,1955,2671,69,1955,2671,716,-2313,620,1694
1872,1944,2779,77,1944,2779,835,-2362,554,1807
1873,1937,2893,75,1937,2893,956,-2415,490,1924
1874,1947,3007,75,1947,3007,1060,-2477,444,2034
1875,1934,3159,89,1934,3159,1225,-2546,354,2192
1876,1897,3314,111,1897,3314,1417,-2606,240,2366
1877,1879,3485,189,1879,3485,1606,-2682,136,2546
1878,1865,3736,109,1865,3736,1871,-2800,-3,2804
1879,1835,4065,105,1835,4065,2230,-2950,-198,3148
1880,1814,4095,104,1814,4095,2281,-2954,-234,3188
1881,1781,4095,107,1781,4095,2314,-2938,-266,3204
1882,1721,4095,115,1721,4095,2374,-2908,-326,3234
1883,1673,4095,107,1673,4095,2422,-2884,-374,3258
1884,1643,4095,105,1643,4095,2452,-2869,-404,3274
1885,1597,4095,115,1597,4095,2498,-2846,-450,3296
1886,1533,4095,111,1533,4095,2562,-2814,-514,3328
1887,1489,4095,104,1489,4095,2606,-2792,-558,3350
1888,1445,4095,120,1445,4095,2650,-2770,-602,3372
1889,1393,4095,113,1393,4095,2702,-2744,-654,3398
1890,1357,4095,104,1357,4095,2738,-2726,-690,3416
1891,1333,4095,108,1333,4095,2762,-2714,-714,3428
1892,1288,4095,115,1288,4095,2807,-2692,-760,3451
1893,1250,4095,109,1250,4095,2845,-2672,-798,3470
1894,1224,4095,105,1224,4095,2871,-2660,-824,3483
1895,1207,4095,117,1207,4095,2888,-2651,-840,3492
1896,1188,4095,110,1188,4095,2907,-2642,-860,3501
1897,1189,4095,173,1189,4095,2906,-2642,-858,3500
1898,1184,4095,123,1184,4095,2911,-2640,-864,3503
1899,1163,4095,111,1163,4095,2932,-2629,-884,3514
1900,1163,4095,103,1163,4095,2932,-2629,-884,3514
1901,1175,4095,108,1175,4095,2920,-2635,-872,3508
1902,1177,4095,112,1177,4095,2918,-2636,-870,3506
1903,1197,4095,107,1197,4095,2898,-2646,-850,3496
1904,1213,4095,105,1213,4095,2882,-2654,-834,3488
1905,1235,4095,115,1235,4095,2860,-2665,-812,3478
1906,1240,4095,111,1240,4095,2855,-2668,-808,3475
1907,1244,4095,105,1244,4095,2851,-2670,-804,3473
1908,1255,4095,119,1255,4095,2840,-2675,-792,3468
1909,1256,4095,111,1256,4095,2839,-2676,-792,3467
1910,1275,4095,105,1275,4095,2820,-2685,-772,3458
1911,1320,4095,107,1320,4095,2775,-2708,-728,3435
1912,1328,4095,117,1328,4095,2767,-2712,-720,3431
1913,1323,4095,109,1323,4095,2772,-2709,-724,3434
1914,1349,4095,105,1349,4095,2746,-2722,-698,3420
1915,1375,4095,115,1375,4095,2720,-2735,-672,3408
1916,1368,4095,110,1368,4095,2727,-2732,-680,3411
1917,1378,4095,131,1378,4095,2717,-2736,-670,3406
1918,1407,4095,343,1407,4095,2688,-2751,-640,3392
1919,1403,4095,119,1403,4095,2692,-2749,-644,3394
1920,1414,4095,103,1414,4095,2681,-2754,-634,3388
1921,1437,4095,108,1437,4095,2658,-2766,-610,3376
1922,1450,4095,115,1450,4095,2645,-2772,-598,3370
1923,1448,4095,107,1448,4095,2647,-2772,-600,3371
1924,1465,4095,105,1465,4095,2630,-2780,-582,3362
1925,1487,4095,115,1487,4095,2608,-2791,-560,3352
1926,1501,4095,111,1501,4095,2594,-2798,-546,3344
1927,1511,4095,105,1511,4095,2584,-2803,-536,3340
1928,1549,4095,119,1549,4095,2546,-2822,-498,3320
1929,1565,4095,115,1565,4095,2530,-2830,-482,3312
1930,1577,4095,103,1577,4095,2518,-2836,-470,3306
1931,1581,4095,109,1581,4095,2514,-2838,-466,3304
1932,1579,4095,115,1579,4095,2516,-2837,-468,3306
1933,1609,4095,108,1609,4095,2486,-2852,-438,3290
1934,1613,4095,107,1613,4095,2482,-2854,-434,3288
1935,1645,4095,117,1645,4095,2450,-2870,-402,3272
1936,1661,4095,109,1661,4095,2434,-2878,-386,3264
1937,1675,4095,105,1675,4095,2420,-2885,-372,3258
1938,1695,4095,301,1695,4095,2400,-2895,-352,3248
1939,1703,4095,111,1703,4095,2392,-2899,-344,3244
1940,1711,4095,104,1711,4095,2384,-2903,-336,3240
1941,1757,4095,107,1757,4095,2338,-2926,-290,3216
1942,1773,4095,115,1773,4095,2322,-2934,-274,3208
1943,1781,4095,109,1781,4095,2314,-2938,-266,3204
1944,1788,4095,105,1788,4095,2307,-2942,-260,3201
1945,1786,4095,116,1786,4095,2309,-2940,-262,3202
1946,1762,4095,110,1762,4095,2333,-2928,-286,3214
1947,1784,4095,105,1784,4095,2311,-2940,-264,3203
1948,1827,4095,119,1827,4095,2268,-2961,-220,3182
1949,1834,4095,111,1834,4095,2261,-2964,-214,3178
1950,1854,4095,103,1854,4095,2241,-2974,-194,3168
1951,1885,4026,103,1885,4026,2141,-2956,-128,3084
1952,1893,3725,101,1893,3725,1832,-2809,30,2778
1953,1896,3463,89,1896,3463,1567,-2680,164,2515
1954,1917,3213,81,1917,3213,1296,-2565,310,2254
1955,1957,3006,85,1957,3006,1049,-2482,454,2028
1956,1993,2821,75,1993,2821,828,-2407,582,1824
1957,2056,2621,59,2056,2621,565,-2338,746,1593
1958,2123,2421,149,2123,2421,298,-2272,912,1360
1959,2165,2229,278,2165,2229,64,-2197,1050,1146
1960,2207,2007,48,2207,2007,-200,-2107,1204,904
1961,2259,1759,42,2259,1759,-500,-2009,1380,630
1962,2301,1513,44,2301,1513,-788,-1907,1544,362
1963,2344,1276,37,2344,1276,-1068,-1810,1706,104
1964,2386,1043,27,2386,1043,-1343,-1714,1864,-150
1965,2409,839,31,2409,839,-1570,-1624,1990,-366
1966,2423,660,25,2423,660,-1763,-1542,2093,-552
1967,2459,487,16,2459,487,-1972,-1473,2216,-742
1968,2495,337,29,2495,337,-2158,-1416,2326,-910
1969,2533,215,19,2533,215,-2318,-1374,2426,-1052
1970,2569,93,7,2569,93,-2476,-1331,2522,-1192
1971,2589,9,11,2589,9,-2580,-1299,2584,-1286
1972,2604,10,17,2604,10,-2594,-1307,2599,-1292
1973,2599,9,10,2599,9,-2590,-1304,2594,-1290
1974,2597,9,7,2597,9,-2588,-1303,2592,-1290
1975,2621,9,18,2621,9,-2612,-1315,2616,-1302
1976,2653,10,12,2653,10,-2643,-1332,2648,-1316
1977,2669,11,5,2669,11,-2658,-1340,2664,-1324
1978,2653,10,20,2653,10,-2643,-1332,2648,-1316
1979,2596,8,155,2596,8,-2588,-1302,2592,-1290
1980,2567,7,5,2567,7,-2560,-1287,2564,-1276
1981,2549,9,9,2549,9,-2540,-1279,2544,-1266
1982,2509,7,16,2509,7,-2502,-1258,2506,-1248
1983,2487,5,9,2487,5,-2482,-1246,2484,-1238
1984,2491,5,7,2491,5,-2486,-1248,2488,-1240
1985,2471,7,18,2471,7,-2464,-1239,2468,-1228
1986,2454,5,11,2454,5,-2449,-1230,2452,-1222
1987,2441,7,7,2441,7,-2434,-1224,2438,-1214
1988,2451,7,20,2451,7,-2444,-1229,2448,-1218
1989,2447,7,14,2447,7,-2440,-1227,2444,-1216
1990,2429,6,6,2429,6,-2423,-1218,2426,-1208
1991,2423,5,9,2423,5,-2418,-1214,2420,-1206
1992,2409,6,16,2409,6,-2403,-1208,2406,-1198
1993,2411,4,9,2411,4,-2407,-1208,2409,-1202
1994,2413,6,8,2413,6,-2407,-1210,2410,-1200
1995,2405,4,17,2405,4,-2401,-1204,2403,-1198
1996,2388,2,11,2388,2,-2386,-1195,2387,-1192
1997,2395,3,7,2395,3,-2392,-1199,2394,-1194
1998,2381,3,22,2381,3,-2378,-1192,2380,-1188
1999,2363,2,73,2363,2,-2361,-1182,2362,-1180
