reference,class,support,precision,recall,f1
original_external_labels,AFIB,46,0.507042253521,0.782608695652,0.615384615385
updated_external_labels,AFIB,76,0.915492957746,0.855263157895,0.884353741497
original_external_labels,SB,38,0.820512820513,0.842105263158,0.831168831169
updated_external_labels,SB,38,0.820512820513,0.842105263158,0.831168831169
original_external_labels,STACH,147,0.793333333333,0.809523809524,0.801346801347
updated_external_labels,STACH,150,0.913333333333,0.913333333333,0.913333333333
original_external_labels,NSR,38,0.437500000000,0.552631578947,0.488372093023
updated_external_labels,NSR,62,0.833333333333,0.645161290323,0.727272727273
original_external_labels,PVC,134,0.769230769231,0.597014925373,0.672268907563
updated_external_labels,PVC,112,0.923076923077,0.857142857143,0.888888888889
original_external_labels,RBBB,47,0.616666666667,0.787234042553,0.691588785047
updated_external_labels,RBBB,54,0.700000000000,0.777777777778,0.736842105263
original_external_labels,LBBB,30,0.591836734694,0.966666666667,0.734177215190
updated_external_labels,LBBB,30,0.591836734694,0.966666666667,0.734177215190
original_external_labels,PAC,146,0.811764705882,0.472602739726,0.597402597403
updated_external_labels,PAC,86,0.823529411765,0.813953488372,0.818713450292
original_external_labels,1AVB,46,0.651515151515,0.934782608696,0.767857142857
updated_external_labels,1AVB,64,0.863636363636,0.890625000000,0.876923076923
