record_id,source,original_label,cedia_model_top1_label,model_top1_confidence,final_label,label_update_decision,label_update_metric_action,final_metric_action
js20676,training/ningbo,PAC,STACH,0.561134,STACH,approved_relabel_to_primary9_single_label,relabel,use_final_label
js10725,training/ningbo,PAC,STACH,0.627614,STACH,approved_relabel_to_primary9_single_label,relabel,use_final_label
js20694,training/ningbo,PAC,STACH,0.680351,STACH,approved_relabel_to_primary9_single_label,relabel,use_final_label
e05011,training/georgia,PAC,STACH,0.678098,STACH,approved_relabel_to_primary9_single_label,relabel,use_final_label
js20711,training/ningbo,PAC,STACH,0.732039,STACH,approved_relabel_to_primary9_single_label,relabel,use_final_label
hr04049,training/ptb-xl,PAC,STACH,0.787532,STACH,approved_relabel_to_primary9_single_label,relabel,use_final_label
js20691,training/ningbo,PAC,STACH,0.811043,STACH,approved_relabel_to_primary9_single_label,relabel,use_final_label
js20689,training/ningbo,PAC,STACH,0.868456,STACH,approved_relabel_to_primary9_single_label,relabel,use_final_label
js20697,training/ningbo,PAC,STACH,0.868576,STACH,approved_relabel_to_primary9_single_label,relabel,use_final_label
js20681,training/ningbo,PAC,STACH,0.866821,STACH,approved_relabel_to_primary9_single_label,relabel,use_final_label
js10724,training/ningbo,PAC,STACH,0.904604,STACH,approved_relabel_to_primary9_single_label,relabel,use_final_label
js10718,training/ningbo,PAC,STACH,0.915742,STACH,approved_relabel_to_primary9_single_label,relabel,use_final_label
js20704,training/ningbo,PAC,STACH,0.915546,STACH,approved_relabel_to_primary9_single_label,relabel,use_final_label
js10720,training/ningbo,PAC,STACH,0.945295,STACH,approved_relabel_to_primary9_single_label,relabel,use_final_label
js20700,training/ningbo,PAC,STACH,0.939822,STACH,approved_relabel_to_primary9_single_label,relabel,use_final_label
js20701,training/ningbo,PAC,STACH,0.951747,STACH,approved_relabel_to_primary9_single_label,relabel,use_final_label
e05022,training/georgia,PAC,STACH,0.950466,STACH,approved_relabel_to_primary9_single_label,relabel,use_final_label
js20698,training/ningbo,PAC,STACH,0.959001,STACH,approved_relabel_to_primary9_single_label,relabel,use_final_label
js20680,training/ningbo,PAC,STACH,0.879701,STACH,approved_relabel_to_primary9_single_label,relabel,use_final_label
js20693,training/ningbo,PAC,NSR,0.375566,NSR,approved_relabel_to_primary9_single_label,relabel,use_final_label
hr04039,training/ptb-xl,PAC,NSR,0.474509,NSR,approved_relabel_to_primary9_single_label,relabel,use_final_label
js20667,training/ningbo,PAC,NSR,0.512790,NSR,approved_relabel_to_primary9_single_label,relabel,use_final_label
js20650,training/ningbo,PAC,NSR,0.536213,NSR,approved_relabel_to_primary9_single_label,relabel,use_final_label
hr00646,data_test,PAC,NSR,0.511767,NSR,approved_relabel_to_primary9_single_label,relabel,use_final_label
js20668,training/ningbo,PAC,NSR,0.185282,NSR,approved_relabel_to_primary9_single_label,relabel,use_final_label
a3025,training/cpsc_2018,PAC,NSR,0.633147,NSR,approved_relabel_to_primary9_single_label,relabel,use_final_label
hr01011,training/ptb-xl,PAC,NSR,0.236255,NSR,approved_relabel_to_primary9_single_label,relabel,use_final_label
js02102,training/chapman_shaoxing,PAC,NSR,0.652519,NSR,approved_relabel_to_primary9_single_label,relabel,use_final_label
a4003,training/cpsc_2018,PAC,NSR,0.707138,NSR,approved_relabel_to_primary9_single_label,relabel,use_final_label
js20669,training/ningbo,PAC,NSR,0.732829,NSR,approved_relabel_to_primary9_single_label,relabel,use_final_label
e08002,training/georgia,PAC,NSR,0.782011,NSR,approved_relabel_to_primary9_single_label,relabel,use_final_label
e06026,training/georgia,PAC,NSR,0.817647,NSR,approved_relabel_to_primary9_single_label,relabel,use_final_label
a1758,training/cpsc_2018,PAC,NSR,0.371494,NSR,approved_relabel_to_primary9_single_label,relabel,use_final_label
e05028,training/georgia,PAC,NSR,0.400356,NSR,approved_relabel_to_primary9_single_label,relabel,use_final_label
e00619,training/georgia,PAC,NSR,0.657597,NSR,approved_relabel_to_primary9_single_label,relabel,use_final_label
a2006,training/cpsc_2018,PAC,PVC,0.359756,PVC,approved_relabel_to_primary9_single_label,relabel,use_final_label
js20653,training/ningbo,PAC,PVC,0.300647,PVC,approved_relabel_to_primary9_single_label,relabel,use_final_label
hr00271,data_test,PAC,PVC,0.507007,PVC,approved_relabel_to_primary9_single_label,relabel,use_final_label
js20657,training/ningbo,PAC,PVC,0.664281,PVC,approved_relabel_to_primary9_single_label,relabel,use_final_label
q2100,training/cpsc_2018_extra,PAC,PVC,0.698847,PVC,approved_relabel_to_primary9_single_label,relabel,use_final_label
hr00704,data_test,PAC,PVC,0.737393,PVC,approved_relabel_to_primary9_single_label,relabel,use_final_label
js20714,training/ningbo,PAC,PVC,0.802492,PVC,approved_relabel_to_primary9_single_label,relabel,use_final_label
q0040,training/cpsc_2018_extra,PAC,PVC,0.804757,PVC,approved_relabel_to_primary9_single_label,relabel,use_final_label
hr02103,data_test,PAC,PVC,0.802187,PVC,approved_relabel_to_primary9_single_label,relabel,use_final_label
a5024,training/cpsc_2018,PAC,PVC,0.809969,PVC,approved_relabel_to_primary9_single_label,relabel,use_final_label
q1046,training/cpsc_2018_extra,PAC,PVC,0.987270,PVC,approved_relabel_to_primary9_single_label,relabel,use_final_label
js10722,training/ningbo,PAC,PVC,0.409202,PVC,approved_relabel_to_primary9_single_label,relabel,use_final_label
js20684,training/ningbo,PAC,PVC,0.831865,PVC,approved_relabel_to_primary9_single_label,relabel,use_final_label
q1083,training/cpsc_2018_extra,PAC,PVC,0.975761,PVC,approved_relabel_to_primary9_single_label,relabel,use_final_label
e08030,training/georgia,PAC,PVC,0.986877,PVC,approved_relabel_to_primary9_single_label,relabel,use_final_label
hr10017,training/ptb-xl,PVC,AFIB,0.500714,AFIB,approved_relabel_to_primary9_single_label,relabel,use_final_label
hr01039,training/ptb-xl,PVC,AFIB,0.534224,AFIB,approved_relabel_to_primary9_single_label,relabel,use_final_label
hr11073,training/ptb-xl,PVC,AFIB,0.650763,AFIB,approved_relabel_to_primary9_single_label,relabel,use_final_label
hr01017,training/ptb-xl,PVC,AFIB,0.848094,AFIB,approved_relabel_to_primary9_single_label,relabel,use_final_label
hr20063,training/ptb-xl,PVC,AFIB,0.910751,AFIB,approved_relabel_to_primary9_single_label,relabel,use_final_label
hr11040,training/ptb-xl,PVC,AFIB,0.928556,AFIB,approved_relabel_to_primary9_single_label,relabel,use_final_label
hr07024,training/ptb-xl,PVC,AFIB,0.933857,AFIB,approved_relabel_to_primary9_single_label,relabel,use_final_label
a3018,training/cpsc_2018,PVC,AFIB,0.976506,AFIB,approved_relabel_to_primary9_single_label,relabel,use_final_label
js10411,training/chapman_shaoxing,PVC,AFIB,0.528665,AFIB,approved_relabel_to_primary9_single_label,relabel,use_final_label
hr16020,training/ptb-xl,PVC,AFIB,0.563231,AFIB,approved_relabel_to_primary9_single_label,relabel,use_final_label
e08046,training/georgia,PVC,AFIB,0.834858,AFIB,approved_relabel_to_primary9_single_label,relabel,use_final_label
hr01033,training/ptb-xl,PVC,AFIB,0.906916,AFIB,approved_relabel_to_primary9_single_label,relabel,use_final_label
js18663,training/ningbo,PVC,AFIB,0.966239,AFIB,approved_relabel_to_primary9_single_label,relabel,use_final_label
hr13019,training/ptb-xl,PVC,AFIB,0.984235,AFIB,approved_relabel_to_primary9_single_label,relabel,use_final_label
hr11037,training/ptb-xl,PVC,1AVB,0.268279,1AVB,approved_relabel_to_primary9_single_label,relabel,use_final_label
hr00436,data_test,PVC,1AVB,0.439572,1AVB,approved_relabel_to_primary9_single_label,relabel,use_final_label
hr15032,training/ptb-xl,PVC,1AVB,0.394596,1AVB,approved_relabel_to_primary9_single_label,relabel,use_final_label
hr01004,training/ptb-xl,PVC,1AVB,0.561173,1AVB,approved_relabel_to_primary9_single_label,relabel,use_final_label
hr07001,training/ptb-xl,PVC,1AVB,0.752242,1AVB,approved_relabel_to_primary9_single_label,relabel,use_final_label
e08045,training/georgia,PVC,1AVB,0.960593,1AVB,approved_relabel_to_primary9_single_label,relabel,use_final_label
hr04002,training/ptb-xl,PVC,1AVB,0.985042,1AVB,approved_relabel_to_primary9_single_label,relabel,use_final_label
hr15031,training/ptb-xl,PVC,1AVB,0.000434,1AVB,approved_relabel_to_primary9_single_label,relabel,use_final_label
hr21008,training/ptb-xl,PVC,1AVB,0.000283,1AVB,approved_relabel_to_primary9_single_label,relabel,use_final_label
hr10051,training/ptb-xl,PVC,1AVB,0.467146,1AVB,approved_relabel_to_primary9_single_label,relabel,use_final_label
a5016,training/cpsc_2018,PVC,1AVB,0.363985,1AVB,approved_relabel_to_primary9_single_label,relabel,use_final_label
hr07036,training/ptb-xl,PVC,1AVB,0.702665,1AVB,approved_relabel_to_primary9_single_label,relabel,use_final_label
a4040,training/cpsc_2018,PVC,PAC,0.445156,PAC,approved_relabel_to_primary9_single_label,relabel,use_final_label
q3108,training/cpsc_2018_extra,PVC,PAC,0.035992,PAC,approved_relabel_to_primary9_single_label,relabel,use_final_label
q3122,training/cpsc_2018_extra,STACH,AFIB,0.532667,AFIB,approved_relabel_to_primary9_single_label,relabel,use_final_label
js05279,training/chapman_shaoxing,STACH,AFIB,0.447889,AFIB,approved_relabel_to_primary9_single_label,relabel,use_final_label
js01090,training/chapman_shaoxing,STACH,AFIB,0.651061,AFIB,approved_relabel_to_primary9_single_label,relabel,use_final_label
hr00855,data_test,STACH,AFIB,0.612455,AFIB,approved_relabel_to_primary9_single_label,relabel,use_final_label
q1089,training/cpsc_2018_extra,PVC,PAC,0.573516,PAC,approved_relabel_to_primary9_single_label,relabel,use_final_label
e07027,training/georgia,PVC,PAC,0.696458,PAC,approved_relabel_to_primary9_single_label,relabel,use_final_label
e08025,training/georgia,STACH,AFIB,0.776238,AFIB,approved_relabel_to_primary9_single_label,relabel,use_final_label
e08026,training/georgia,STACH,AFIB,0.843843,AFIB,approved_relabel_to_primary9_single_label,relabel,use_final_label
q2079,training/cpsc_2018_extra,PVC,PAC,0.832803,PAC,approved_relabel_to_primary9_single_label,relabel,use_final_label
e06036,training/georgia,PVC,PAC,0.857959,PAC,approved_relabel_to_primary9_single_label,relabel,use_final_label
js01072,training/chapman_shaoxing,STACH,AFIB,0.859603,AFIB,approved_relabel_to_primary9_single_label,relabel,use_final_label
a2050,training/cpsc_2018,PVC,PAC,0.989329,PAC,approved_relabel_to_primary9_single_label,relabel,use_final_label
q1087,training/cpsc_2018_extra,PVC,PAC,0.991996,PAC,approved_relabel_to_primary9_single_label,relabel,use_final_label
hr04058,training/ptb-xl,PVC,PAC,0.378642,PAC,approved_relabel_to_primary9_single_label,relabel,use_final_label
q1062,training/cpsc_2018_extra,STACH,AFIB,0.717530,AFIB,approved_relabel_to_primary9_single_label,relabel,use_final_label
js07364,training/chapman_shaoxing,STACH,AFIB,0.911721,AFIB,approved_relabel_to_primary9_single_label,relabel,use_final_label
hr04027,training/ptb-xl,PVC,NSR,0.385874,NSR,approved_relabel_to_primary9_single_label,relabel,use_final_label
q2093,training/cpsc_2018_extra,PVC,NSR,0.546116,NSR,approved_relabel_to_primary9_single_label,relabel,use_final_label
e05039,training/georgia,PVC,NSR,0.312801,NSR,approved_relabel_to_primary9_single_label,relabel,use_final_label
a4057,training/cpsc_2018,PVC,NSR,0.589492,NSR,approved_relabel_to_primary9_single_label,relabel,use_final_label
e02063,training/georgia,PVC,NSR,0.849745,NSR,approved_relabel_to_primary9_single_label,relabel,use_final_label
q2135,training/cpsc_2018_extra,PVC,NSR,0.922366,NSR,approved_relabel_to_primary9_single_label,relabel,use_final_label
q0010,training/cpsc_2018_extra,PVC,NSR,0.350502,NSR,approved_relabel_to_primary9_single_label,relabel,use_final_label
q0046,training/cpsc_2018_extra,PVC,NSR,0.731440,NSR,approved_relabel_to_primary9_single_label,relabel,use_final_label
e08053,training/georgia,PAC,RBBB,0.226038,RBBB,approved_relabel_to_primary9_single_label,relabel,use_final_label
a3027,training/cpsc_2018,PAC,RBBB,0.521141,RBBB,approved_relabel_to_primary9_single_label,relabel,use_final_label
e06010,training/georgia,PAC,RBBB,0.608035,RBBB,approved_relabel_to_primary9_single_label,relabel,use_final_label
js20685,training/ningbo,PAC,AFIB,0.935604,AFIB,approved_relabel_to_primary9_single_label,relabel,use_final_label
e10039,training/georgia,PAC,RBBB,0.957894,RBBB,approved_relabel_to_primary9_single_label,relabel,use_final_label
e10041,training/georgia,PAC,RBBB,0.976396,RBBB,approved_relabel_to_primary9_single_label,relabel,use_final_label
e06023,training/georgia,PAC,AFIB,0.486783,AFIB,approved_relabel_to_primary9_single_label,relabel,use_final_label
js20696,training/ningbo,PAC,AFIB,0.521511,AFIB,approved_relabel_to_primary9_single_label,relabel,use_final_label
js20683,training/ningbo,PAC,AFIB,0.490895,AFIB,approved_relabel_to_primary9_single_label,relabel,use_final_label
q3117,training/cpsc_2018_extra,PAC,AFIB,0.570810,AFIB,approved_relabel_to_primary9_single_label,relabel,use_final_label
a2049,training/cpsc_2018,PAC,RBBB,0.558517,RBBB,approved_relabel_to_primary9_single_label,relabel,use_final_label
js20677,training/ningbo,PAC,AFIB,0.549799,AFIB,approved_relabel_to_primary9_single_label,relabel,use_final_label
a5032,training/cpsc_2018,PAC,RBBB,0.837086,RBBB,approved_relabel_to_primary9_single_label,relabel,use_final_label
js20682,training/ningbo,PAC,AFIB,0.910715,AFIB,approved_relabel_to_primary9_single_label,relabel,use_final_label
q2116,training/cpsc_2018_extra,STACH,PVC,0.393476,PVC,approved_relabel_to_primary9_single_label,relabel,use_final_label
js09432,training/chapman_shaoxing,STACH,PVC,0.400827,PVC,approved_relabel_to_primary9_single_label,relabel,use_final_label
q2121,training/cpsc_2018_extra,STACH,PVC,0.352732,PVC,approved_relabel_to_primary9_single_label,relabel,use_final_label
js20703,training/ningbo,PAC,1AVB,0.496663,1AVB,approved_relabel_to_primary9_single_label,relabel,use_final_label
js00024,training/chapman_shaoxing,STACH,PVC,0.591796,PVC,approved_relabel_to_primary9_single_label,relabel,use_final_label
js20654,training/ningbo,PAC,1AVB,0.618295,1AVB,approved_relabel_to_primary9_single_label,relabel,use_final_label
q0026,training/cpsc_2018_extra,PAC,1AVB,0.672459,1AVB,approved_relabel_to_primary9_single_label,relabel,use_final_label
js00041,training/chapman_shaoxing,STACH,PVC,0.837345,PVC,approved_relabel_to_primary9_single_label,relabel,use_final_label
js10680,training/ningbo,PAC,1AVB,0.923466,1AVB,approved_relabel_to_primary9_single_label,relabel,use_final_label
a5044,training/cpsc_2018,PAC,1AVB,0.786516,1AVB,approved_relabel_to_primary9_single_label,relabel,use_final_label
a3046,training/cpsc_2018,PAC,1AVB,0.768423,1AVB,approved_relabel_to_primary9_single_label,relabel,use_final_label
js06281,training/chapman_shaoxing,STACH,PVC,0.983352,PVC,approved_relabel_to_primary9_single_label,relabel,use_final_label
js02121,training/chapman_shaoxing,STACH,PAC,0.480435,PAC,approved_relabel_to_primary9_single_label,relabel,use_final_label
