record_id,source,split,original_rhythm_label,final_rhythm_label,label_action
a1707,data_test,test,RBBB,RBBB,keep_original_external_label
a1721,data_test,test,RBBB,RBBB,keep_original_external_label
a1730,data_test,test,RBBB,RBBB,keep_original_external_label
a1731,data_test,test,RBBB,RBBB,keep_original_external_label
a1732,data_test,test,AFIB,AFIB,keep_original_external_label
a1733,data_test,test,RBBB,RBBB,keep_original_external_label
a1738,data_test,test,RBBB,RBBB,keep_original_external_label
a1740,data_test,test,AFIB,AFIB,keep_original_external_label
a1742,data_test,test,RBBB,RBBB,keep_original_external_label
a1743,data_test,test,RBBB,RBBB,keep_original_external_label
a1745,data_test,test,RBBB,RBBB,keep_original_external_label
a1746,data_test,test,RBBB,RBBB,keep_original_external_label
a1772,data_test,test,RBBB,RBBB,keep_original_external_label
a1780,data_test,test,AFIB,AFIB,keep_original_external_label
a1793,data_test,test,RBBB,RBBB,keep_original_external_label
e02097,data_test,test,RBBB,RBBB,keep_original_external_label
e02139,data_test,test,RBBB,RBBB,keep_original_external_label
e02182,data_test,test,RBBB,RBBB,keep_original_external_label
e02201,data_test,test,RBBB,RBBB,keep_original_external_label
e02209,data_test,test,RBBB,RBBB,keep_original_external_label
e02210,data_test,test,RBBB,RBBB,keep_original_external_label
e02211,data_test,test,RBBB,RBBB,keep_original_external_label
hr00001,data_test,test,NSR,NSR,keep_original_external_label
hr00002,data_test,test,SB,SB,keep_original_external_label
hr00012,data_test,test,SB,SB,keep_original_external_label
hr00017,data_test,test,AFIB,AFIB,keep_original_external_label
hr00049,data_test,test,NSR,NSR,keep_original_external_label
hr00050,data_test,test,NSR,NSR,keep_original_external_label
hr00069,data_test,test,SB,SB,keep_original_external_label
hr00078,data_test,test,SB,SB,keep_original_external_label
hr00102,data_test,test,1AVB,1AVB,keep_original_external_label
hr00103,data_test,test,STACH,STACH,keep_original_external_label
hr00108,data_test,test,STACH,STACH,keep_original_external_label
hr00141,data_test,test,1AVB,1AVB,keep_original_external_label
hr00152,data_test,test,AFIB,AFIB,keep_original_external_label
hr00170,data_test,test,PVC,PVC,keep_original_external_label
hr00172,data_test,test,RBBB,RBBB,keep_original_external_label
hr00180,data_test,test,LBBB,LBBB,keep_original_external_label
hr00182,data_test,test,1AVB,1AVB,keep_original_external_label
hr00191,data_test,test,1AVB,1AVB,keep_original_external_label
hr00195,data_test,test,RBBB,RBBB,keep_original_external_label
hr00209,data_test,test,1AVB,1AVB,keep_original_external_label
hr00218,data_test,test,1AVB,1AVB,keep_original_external_label
hr00219,data_test,test,PVC,PVC,keep_original_external_label
hr00225,data_test,test,SB,SB,keep_original_external_label
hr00234,data_test,test,1AVB,1AVB,keep_original_external_label
hr00235,data_test,test,SB,SB,keep_original_external_label
hr00240,data_test,test,SB,SB,keep_original_external_label
hr00257,data_test,test,PAC,PAC,keep_original_external_label
hr00263,data_test,test,STACH,STACH,keep_original_external_label
hr00266,data_test,test,PVC,PVC,keep_original_external_label
hr00270,data_test,test,STACH,STACH,keep_original_external_label
hr00271,data_test,test,PAC,PVC,use_final_external_label
hr00279,data_test,test,LBBB,LBBB,keep_original_external_label
hr00284,data_test,test,SB,SB,keep_original_external_label
hr00286,data_test,test,LBBB,LBBB,keep_original_external_label
hr00289,data_test,test,SB,SB,keep_original_external_label
hr00297,data_test,test,PVC,PVC,keep_original_external_label
hr00307,data_test,test,AFIB,AFIB,keep_original_external_label
hr00310,data_test,test,RBBB,RBBB,keep_original_external_label
hr00318,data_test,test,AFIB,AFIB,keep_original_external_label
hr00321,data_test,test,AFIB,AFIB,keep_original_external_label
hr00330,data_test,test,AFIB,AFIB,keep_original_external_label
hr00337,data_test,test,AFIB,AFIB,keep_original_external_label
hr00338,data_test,test,LBBB,LBBB,keep_original_external_label
hr00348,data_test,test,NSR,NSR,keep_original_external_label
hr00349,data_test,test,PVC,PVC,keep_original_external_label
hr00351,data_test,test,AFIB,AFIB,keep_original_external_label
hr00363,data_test,test,PVC,PVC,keep_original_external_label
hr00407,data_test,test,NSR,NSR,keep_original_external_label
hr00409,data_test,test,NSR,NSR,keep_original_external_label
hr00421,data_test,test,PAC,PAC,keep_original_external_label
hr00424,data_test,test,RBBB,RBBB,keep_original_external_label
hr00425,data_test,test,PVC,PVC,keep_original_external_label
hr00427,data_test,test,PAC,PAC,keep_original_external_label
hr00428,data_test,test,AFIB,AFIB,keep_original_external_label
hr00436,data_test,test,PVC,1AVB,use_final_external_label
hr00442,data_test,test,NSR,NSR,keep_original_external_label
hr00455,data_test,test,RBBB,RBBB,keep_original_external_label
hr00477,data_test,test,RBBB,RBBB,keep_original_external_label
hr00482,data_test,test,AFIB,AFIB,keep_original_external_label
hr00489,data_test,test,LBBB,LBBB,keep_original_external_label
hr00500,data_test,test,AFIB,AFIB,keep_original_external_label
hr00512,data_test,test,RBBB,RBBB,keep_original_external_label
hr00517,data_test,test,LBBB,LBBB,keep_original_external_label
hr00522,data_test,test,1AVB,1AVB,keep_original_external_label
hr00524,data_test,test,1AVB,1AVB,keep_original_external_label
hr00527,data_test,test,NSR,NSR,keep_original_external_label
hr00528,data_test,test,RBBB,RBBB,keep_original_external_label
hr00535,data_test,test,1AVB,1AVB,keep_original_external_label
hr00543,data_test,test,SB,SB,keep_original_external_label
hr00545,data_test,test,LBBB,LBBB,keep_original_external_label
hr00546,data_test,test,NSR,NSR,keep_original_external_label
hr00551,data_test,test,1AVB,1AVB,keep_original_external_label
hr00556,data_test,test,1AVB,1AVB,keep_original_external_label
hr00557,data_test,test,AFIB,AFIB,keep_original_external_label
hr00563,data_test,test,1AVB,1AVB,keep_original_external_label
hr00567,data_test,test,AFIB,AFIB,keep_original_external_label
hr00568,data_test,test,SB,SB,keep_original_external_label
hr00569,data_test,test,AFIB,AFIB,keep_original_external_label
hr00573,data_test,test,PVC,PVC,keep_original_external_label
hr00581,data_test,test,AFIB,AFIB,keep_original_external_label
hr00594,data_test,test,AFIB,AFIB,keep_original_external_label
hr00598,data_test,test,AFIB,AFIB,keep_original_external_label
hr00599,data_test,test,1AVB,1AVB,keep_original_external_label
hr00600,data_test,test,NSR,NSR,keep_original_external_label
hr00604,data_test,test,PAC,PAC,keep_original_external_label
hr00606,data_test,test,1AVB,1AVB,keep_original_external_label
hr00608,data_test,test,AFIB,AFIB,keep_original_external_label
hr00611,data_test,test,SB,SB,keep_original_external_label
hr00612,data_test,test,SB,SB,keep_original_external_label
hr00618,data_test,test,LBBB,LBBB,keep_original_external_label
hr00621,data_test,test,RBBB,RBBB,keep_original_external_label
hr00622,data_test,test,STACH,STACH,keep_original_external_label
hr00626,data_test,test,STACH,STACH,keep_original_external_label
hr00628,data_test,test,PVC,PVC,keep_original_external_label
hr00635,data_test,test,LBBB,LBBB,keep_original_external_label
hr00636,data_test,test,AFIB,AFIB,keep_original_external_label
hr00637,data_test,test,AFIB,AFIB,keep_original_external_label
hr00646,data_test,test,PAC,NSR,use_final_external_label
hr00652,data_test,test,STACH,STACH,keep_original_external_label
hr00656,data_test,test,AFIB,AFIB,keep_original_external_label
hr00658,data_test,test,SB,SB,keep_original_external_label
hr00665,data_test,test,PVC,PVC,keep_original_external_label
hr00667,data_test,test,1AVB,1AVB,keep_original_external_label
hr00674,data_test,test,AFIB,AFIB,keep_original_external_label
hr00678,data_test,test,NSR,NSR,keep_original_external_label
hr00680,data_test,test,RBBB,RBBB,keep_original_external_label
hr00685,data_test,test,1AVB,1AVB,keep_original_external_label
hr00688,data_test,test,1AVB,1AVB,keep_original_external_label
hr00691,data_test,test,AFIB,AFIB,keep_original_external_label
hr00697,data_test,test,AFIB,AFIB,keep_original_external_label
hr00698,data_test,test,STACH,STACH,keep_original_external_label
hr00704,data_test,test,PAC,PVC,use_final_external_label
hr00711,data_test,test,LBBB,LBBB,keep_original_external_label
hr00714,data_test,test,NSR,NSR,keep_original_external_label
hr00715,data_test,test,PVC,PVC,keep_original_external_label
hr00718,data_test,test,1AVB,1AVB,keep_original_external_label
hr00728,data_test,test,1AVB,1AVB,keep_original_external_label
hr00738,data_test,test,PVC,PVC,keep_original_external_label
hr00742,data_test,test,NSR,NSR,keep_original_external_label
hr00745,data_test,test,1AVB,1AVB,keep_original_external_label
hr00747,data_test,test,1AVB,1AVB,keep_original_external_label
hr00750,data_test,test,PAC,PAC,keep_original_external_label
hr00756,data_test,test,PAC,PAC,keep_original_external_label
hr00762,data_test,test,SB,SB,keep_original_external_label
hr00788,data_test,test,RBBB,RBBB,keep_original_external_label
hr00800,data_test,test,1AVB,1AVB,keep_original_external_label
hr00801,data_test,test,SB,SB,keep_original_external_label
hr00807,data_test,test,PVC,PVC,keep_original_external_label
hr00814,data_test,test,NSR,NSR,keep_original_external_label
hr00825,data_test,test,AFIB,AFIB,keep_original_external_label
hr00849,data_test,test,STACH,STACH,keep_original_external_label
hr00855,data_test,test,STACH,AFIB,use_final_external_label
hr00857,data_test,test,STACH,STACH,keep_original_external_label
hr00860,data_test,test,STACH,STACH,keep_original_external_label
hr00861,data_test,test,PAC,PAC,keep_original_external_label
hr00871,data_test,test,RBBB,RBBB,keep_original_external_label
hr00873,data_test,test,1AVB,1AVB,keep_original_external_label
hr00875,data_test,test,1AVB,1AVB,keep_original_external_label
hr00882,data_test,test,PAC,PAC,keep_original_external_label
hr00887,data_test,test,STACH,STACH,keep_original_external_label
hr00892,data_test,test,PVC,PVC,keep_original_external_label
hr00894,data_test,test,PAC,PAC,keep_original_external_label
hr00896,data_test,test,PAC,PAC,keep_original_external_label
hr00903,data_test,test,RBBB,RBBB,keep_original_external_label
hr00920,data_test,test,SB,SB,keep_original_external_label
hr00924,data_test,test,STACH,STACH,keep_original_external_label
hr00934,data_test,test,NSR,NSR,keep_original_external_label
hr00943,data_test,test,STACH,STACH,keep_original_external_label
hr00946,data_test,test,LBBB,LBBB,keep_original_external_label
hr00957,data_test,test,RBBB,RBBB,keep_original_external_label
hr00969,data_test,test,STACH,STACH,keep_original_external_label
hr00971,data_test,test,NSR,NSR,keep_original_external_label
hr00976,data_test,test,STACH,STACH,keep_original_external_label
hr01024,data_test,test,RBBB,RBBB,keep_original_external_label
hr01049,data_test,test,RBBB,RBBB,keep_original_external_label
hr01066,data_test,test,1AVB,1AVB,keep_original_external_label
hr01067,data_test,test,NSR,NSR,keep_original_external_label
hr01072,data_test,test,LBBB,LBBB,keep_original_external_label
hr01073,data_test,test,SB,SB,keep_original_external_label
hr01123,data_test,test,RBBB,RBBB,keep_original_external_label
hr01166,data_test,test,SB,SB,keep_original_external_label
hr01216,data_test,test,SB,SB,keep_original_external_label
hr01232,data_test,test,1AVB,1AVB,keep_original_external_label
hr01304,data_test,test,SB,SB,keep_original_external_label
hr01324,data_test,test,NSR,NSR,keep_original_external_label
hr01389,data_test,test,NSR,NSR,keep_original_external_label
hr01401,data_test,test,SB,SB,keep_original_external_label
hr01415,data_test,test,NSR,NSR,keep_original_external_label
hr01450,data_test,test,RBBB,RBBB,keep_original_external_label
hr01554,data_test,test,NSR,NSR,keep_original_external_label
hr01599,data_test,test,NSR,NSR,keep_original_external_label
hr01681,data_test,test,NSR,NSR,keep_original_external_label
hr01693,data_test,test,1AVB,1AVB,keep_original_external_label
hr01744,data_test,test,NSR,NSR,keep_original_external_label
hr01754,data_test,test,NSR,NSR,keep_original_external_label
hr01758,data_test,test,NSR,NSR,keep_original_external_label
hr02001,data_test,test,AFIB,AFIB,keep_original_external_label
hr02004,data_test,test,AFIB,AFIB,keep_original_external_label
hr02008,data_test,test,NSR,NSR,keep_original_external_label
hr02015,data_test,test,STACH,STACH,keep_original_external_label
hr02016,data_test,test,1AVB,1AVB,keep_original_external_label
hr02017,data_test,test,RBBB,RBBB,keep_original_external_label
hr02028,data_test,test,AFIB,AFIB,keep_original_external_label
hr02032,data_test,test,AFIB,AFIB,keep_original_external_label
hr02033,data_test,test,AFIB,AFIB,keep_original_external_label
hr02034,data_test,test,RBBB,RBBB,keep_original_external_label
hr02035,data_test,test,AFIB,AFIB,keep_original_external_label
hr02037,data_test,test,SB,SB,keep_original_external_label
hr02039,data_test,test,STACH,STACH,keep_original_external_label
hr02042,data_test,test,1AVB,1AVB,keep_original_external_label
hr02046,data_test,test,PAC,PAC,keep_original_external_label
hr02048,data_test,test,STACH,STACH,keep_original_external_label
hr02049,data_test,test,AFIB,AFIB,keep_original_external_label
hr02055,data_test,test,AFIB,AFIB,keep_original_external_label
hr02058,data_test,test,STACH,STACH,keep_original_external_label
hr02059,data_test,test,PAC,PAC,keep_original_external_label
hr02066,data_test,test,AFIB,AFIB,keep_original_external_label
hr02075,data_test,test,STACH,STACH,keep_original_external_label
hr02078,data_test,test,AFIB,AFIB,keep_original_external_label
hr02085,data_test,test,SB,SB,keep_original_external_label
hr02092,data_test,test,PVC,PVC,keep_original_external_label
hr02093,data_test,test,PVC,PVC,keep_original_external_label
hr02103,data_test,test,PAC,PVC,use_final_external_label
hr02104,data_test,test,1AVB,1AVB,keep_original_external_label
hr02112,data_test,test,1AVB,1AVB,keep_original_external_label
hr02113,data_test,test,1AVB,1AVB,keep_original_external_label
hr02116,data_test,test,1AVB,1AVB,keep_original_external_label
hr02119,data_test,test,1AVB,1AVB,keep_original_external_label
hr02124,data_test,test,AFIB,AFIB,keep_original_external_label
hr02125,data_test,test,AFIB,AFIB,keep_original_external_label
hr02135,data_test,test,LBBB,LBBB,keep_original_external_label
hr02136,data_test,test,LBBB,LBBB,keep_original_external_label
hr02137,data_test,test,SB,SB,keep_original_external_label
hr02146,data_test,test,1AVB,1AVB,keep_original_external_label
hr02153,data_test,test,AFIB,AFIB,keep_original_external_label
hr02154,data_test,test,SB,SB,keep_original_external_label
hr02155,data_test,test,AFIB,AFIB,keep_original_external_label
hr02158,data_test,test,SB,SB,keep_original_external_label
hr02159,data_test,test,NSR,NSR,keep_original_external_label
hr02160,data_test,test,STACH,STACH,keep_original_external_label
hr02173,data_test,test,SB,SB,keep_original_external_label
hr02174,data_test,test,1AVB,1AVB,keep_original_external_label
hr02176,data_test,test,1AVB,1AVB,keep_original_external_label
hr02177,data_test,test,SB,SB,keep_original_external_label
hr02187,data_test,test,SB,SB,keep_original_external_label
hr02188,data_test,test,PAC,PAC,keep_original_external_label
hr02189,data_test,test,STACH,STACH,keep_original_external_label
hr02192,data_test,test,SB,SB,keep_original_external_label
hr02198,data_test,test,PAC,PAC,keep_original_external_label
hr02200,data_test,test,AFIB,AFIB,keep_original_external_label
hr02201,data_test,test,AFIB,AFIB,keep_original_external_label
hr02202,data_test,test,PAC,PAC,keep_original_external_label
hr02204,data_test,test,PAC,PAC,keep_original_external_label
hr02206,data_test,test,1AVB,1AVB,keep_original_external_label
hr02211,data_test,test,STACH,STACH,keep_original_external_label
hr02216,data_test,test,SB,SB,keep_original_external_label
hr02227,data_test,test,1AVB,1AVB,keep_original_external_label
hr02235,data_test,test,1AVB,1AVB,keep_original_external_label
hr02241,data_test,test,PVC,PVC,keep_original_external_label
hr02243,data_test,test,1AVB,1AVB,keep_original_external_label
hr02245,data_test,test,AFIB,AFIB,keep_original_external_label
hr02247,data_test,test,PAC,PAC,keep_original_external_label
hr02248,data_test,test,SB,SB,keep_original_external_label
hr02249,data_test,test,NSR,NSR,keep_original_external_label
hr02250,data_test,test,SB,SB,keep_original_external_label
hr02253,data_test,test,1AVB,1AVB,keep_original_external_label
hr02254,data_test,test,STACH,STACH,keep_original_external_label
hr02264,data_test,test,NSR,NSR,keep_original_external_label
hr02271,data_test,test,PAC,PAC,keep_original_external_label
hr02276,data_test,test,PAC,PAC,keep_original_external_label
hr02277,data_test,test,STACH,STACH,keep_original_external_label
hr02291,data_test,test,PAC,PAC,keep_original_external_label
hr02294,data_test,test,PVC,PVC,keep_original_external_label
hr02300,data_test,test,NSR,NSR,keep_original_external_label
hr02301,data_test,test,PAC,PAC,keep_original_external_label
hr02311,data_test,test,RBBB,RBBB,keep_original_external_label
hr02317,data_test,test,PAC,PAC,keep_original_external_label
hr02321,data_test,test,NSR,NSR,keep_original_external_label
hr02329,data_test,test,SB,SB,keep_original_external_label
hr02330,data_test,test,NSR,NSR,keep_original_external_label
hr02333,data_test,test,1AVB,1AVB,keep_original_external_label
hr02339,data_test,test,SB,SB,keep_original_external_label
hr02340,data_test,test,1AVB,1AVB,keep_original_external_label
hr02359,data_test,test,1AVB,1AVB,keep_original_external_label
hr02365,data_test,test,LBBB,LBBB,keep_original_external_label
hr02371,data_test,test,NSR,NSR,keep_original_external_label
hr02385,data_test,test,SB,SB,keep_original_external_label
hr02402,data_test,test,LBBB,LBBB,keep_original_external_label
hr02406,data_test,test,PVC,PVC,keep_original_external_label
hr02419,data_test,test,SB,SB,keep_original_external_label
hr02433,data_test,test,RBBB,RBBB,keep_original_external_label
hr02434,data_test,test,PVC,PVC,keep_original_external_label
hr02442,data_test,test,NSR,NSR,keep_original_external_label
hr02455,data_test,test,PVC,PVC,keep_original_external_label
hr02491,data_test,test,NSR,NSR,keep_original_external_label
hr02493,data_test,test,RBBB,RBBB,keep_original_external_label
hr02535,data_test,test,RBBB,RBBB,keep_original_external_label
hr02536,data_test,test,PVC,PVC,keep_original_external_label
hr02581,data_test,test,LBBB,LBBB,keep_original_external_label
hr02599,data_test,test,RBBB,RBBB,keep_original_external_label
hr02614,data_test,test,RBBB,RBBB,keep_original_external_label
hr02615,data_test,test,LBBB,LBBB,keep_original_external_label
hr02623,data_test,test,RBBB,RBBB,keep_original_external_label
hr02655,data_test,test,RBBB,RBBB,keep_original_external_label
hr02672,data_test,test,LBBB,LBBB,keep_original_external_label
hr02741,data_test,test,LBBB,LBBB,keep_original_external_label
hr02818,data_test,test,AFIB,AFIB,keep_original_external_label
hr02838,data_test,test,NSR,NSR,keep_original_external_label
hr02856,data_test,test,NSR,NSR,keep_original_external_label
hr02940,data_test,test,LBBB,LBBB,keep_original_external_label
js00012,training/chapman_shaoxing,test,STACH,STACH,keep_original_external_label
js00024,training/chapman_shaoxing,test,STACH,PVC,use_final_external_label
js00032,training/chapman_shaoxing,test,STACH,STACH,keep_original_external_label
js00041,training/chapman_shaoxing,test,STACH,PVC,use_final_external_label
js00045,training/chapman_shaoxing,test,STACH,STACH,keep_original_external_label
js00057,training/chapman_shaoxing,test,STACH,STACH,keep_original_external_label
js09381,training/chapman_shaoxing,test,STACH,STACH,keep_original_external_label
js09390,training/chapman_shaoxing,test,STACH,STACH,keep_original_external_label
js09391,training/chapman_shaoxing,test,STACH,STACH,keep_original_external_label
js09392,training/chapman_shaoxing,test,STACH,STACH,keep_original_external_label
js09396,training/chapman_shaoxing,test,STACH,STACH,keep_original_external_label
js09418,training/chapman_shaoxing,test,STACH,STACH,keep_original_external_label
js09432,training/chapman_shaoxing,test,STACH,PVC,use_final_external_label
js09436,training/chapman_shaoxing,test,STACH,STACH,keep_original_external_label
js09447,training/chapman_shaoxing,test,STACH,STACH,keep_original_external_label
js10411,training/chapman_shaoxing,test,PVC,AFIB,use_final_external_label
js01054,training/chapman_shaoxing,test,STACH,STACH,keep_original_external_label
js01055,training/chapman_shaoxing,test,STACH,STACH,keep_original_external_label
js01056,training/chapman_shaoxing,test,STACH,STACH,keep_original_external_label
js01058,training/chapman_shaoxing,test,STACH,STACH,keep_original_external_label
js01071,training/chapman_shaoxing,test,STACH,STACH,keep_original_external_label
js01072,training/chapman_shaoxing,test,STACH,AFIB,use_final_external_label
js01089,training/chapman_shaoxing,test,STACH,STACH,keep_original_external_label
js01090,training/chapman_shaoxing,test,STACH,AFIB,use_final_external_label
js01100,training/chapman_shaoxing,test,STACH,STACH,keep_original_external_label
js02102,training/chapman_shaoxing,test,PAC,NSR,use_final_external_label
js02119,training/chapman_shaoxing,test,STACH,STACH,keep_original_external_label
js02120,training/chapman_shaoxing,test,STACH,STACH,keep_original_external_label
js02121,training/chapman_shaoxing,test,STACH,PAC,use_final_external_label
js02122,training/chapman_shaoxing,test,STACH,STACH,keep_original_external_label
js02130,training/chapman_shaoxing,test,STACH,STACH,keep_original_external_label
js02134,training/chapman_shaoxing,test,STACH,STACH,keep_original_external_label
js03140,training/chapman_shaoxing,test,STACH,STACH,keep_original_external_label
js03142,training/chapman_shaoxing,test,STACH,STACH,keep_original_external_label
js03144,training/chapman_shaoxing,test,STACH,STACH,keep_original_external_label
js03155,training/chapman_shaoxing,test,STACH,STACH,keep_original_external_label
js03158,training/chapman_shaoxing,test,STACH,STACH,keep_original_external_label
js03182,training/chapman_shaoxing,test,STACH,STACH,keep_original_external_label
js03190,training/chapman_shaoxing,test,STACH,STACH,keep_original_external_label
js03199,training/chapman_shaoxing,test,STACH,STACH,keep_original_external_label
js05232,training/chapman_shaoxing,test,STACH,STACH,keep_original_external_label
js05254,training/chapman_shaoxing,test,STACH,STACH,keep_original_external_label
js05256,training/chapman_shaoxing,test,STACH,STACH,keep_original_external_label
js05257,training/chapman_shaoxing,test,STACH,STACH,keep_original_external_label
js05272,training/chapman_shaoxing,test,STACH,STACH,keep_original_external_label
js05279,training/chapman_shaoxing,test,STACH,AFIB,use_final_external_label
js06267,training/chapman_shaoxing,test,STACH,STACH,keep_original_external_label
js06270,training/chapman_shaoxing,test,STACH,STACH,keep_original_external_label
js06276,training/chapman_shaoxing,test,STACH,STACH,keep_original_external_label
js06281,training/chapman_shaoxing,test,STACH,PVC,use_final_external_label
js06298,training/chapman_shaoxing,test,STACH,STACH,keep_original_external_label
js06308,training/chapman_shaoxing,test,STACH,STACH,keep_original_external_label
js06310,training/chapman_shaoxing,test,STACH,STACH,keep_original_external_label
js06319,training/chapman_shaoxing,test,STACH,STACH,keep_original_external_label
js06327,training/chapman_shaoxing,test,STACH,STACH,keep_original_external_label
js07309,training/chapman_shaoxing,test,STACH,STACH,keep_original_external_label
js07315,training/chapman_shaoxing,test,STACH,STACH,keep_original_external_label
js07341,training/chapman_shaoxing,test,STACH,STACH,keep_original_external_label
js07344,training/chapman_shaoxing,test,STACH,STACH,keep_original_external_label
js07348,training/chapman_shaoxing,test,STACH,STACH,keep_original_external_label
js07364,training/chapman_shaoxing,test,STACH,AFIB,use_final_external_label
js07367,training/chapman_shaoxing,test,STACH,STACH,keep_original_external_label
js07368,training/chapman_shaoxing,test,STACH,STACH,keep_original_external_label
js07369,training/chapman_shaoxing,test,STACH,STACH,keep_original_external_label
js08352,training/chapman_shaoxing,test,STACH,STACH,keep_original_external_label
js08353,training/chapman_shaoxing,test,STACH,STACH,keep_original_external_label
js08355,training/chapman_shaoxing,test,STACH,STACH,keep_original_external_label
js08365,training/chapman_shaoxing,test,STACH,STACH,keep_original_external_label
js08376,training/chapman_shaoxing,test,STACH,STACH,keep_original_external_label
js08401,training/chapman_shaoxing,test,STACH,STACH,keep_original_external_label
a1715,training/cpsc_2018,test,PAC,PAC,keep_original_external_label
a1727,training/cpsc_2018,test,PAC,PAC,keep_original_external_label
a1748,training/cpsc_2018,test,PVC,PVC,keep_original_external_label
a1758,training/cpsc_2018,test,PAC,NSR,use_final_external_label
a2006,training/cpsc_2018,test,PAC,PVC,use_final_external_label
a2017,training/cpsc_2018,test,PVC,PVC,keep_original_external_label
a2021,training/cpsc_2018,test,PVC,PVC,keep_original_external_label
a2032,training/cpsc_2018,test,PVC,PVC,keep_original_external_label
a2034,training/cpsc_2018,test,PVC,PVC,keep_original_external_label
a2037,training/cpsc_2018,test,PAC,PAC,keep_original_external_label
a2049,training/cpsc_2018,test,PAC,RBBB,use_final_external_label
a2050,training/cpsc_2018,test,PVC,PAC,use_final_external_label
a2058,training/cpsc_2018,test,PVC,PVC,keep_original_external_label
a3008,training/cpsc_2018,test,PVC,PVC,keep_original_external_label
a3018,training/cpsc_2018,test,PVC,AFIB,use_final_external_label
a3019,training/cpsc_2018,test,PVC,PVC,keep_original_external_label
a3025,training/cpsc_2018,test,PAC,NSR,use_final_external_label
a3027,training/cpsc_2018,test,PAC,RBBB,use_final_external_label
a3035,training/cpsc_2018,test,PVC,PVC,keep_original_external_label
a3036,training/cpsc_2018,test,PAC,PAC,keep_original_external_label
a3046,training/cpsc_2018,test,PAC,1AVB,use_final_external_label
a4003,training/cpsc_2018,test,PAC,NSR,use_final_external_label
a4010,training/cpsc_2018,test,PAC,PAC,keep_original_external_label
a4018,training/cpsc_2018,test,PVC,PVC,keep_original_external_label
a4040,training/cpsc_2018,test,PVC,PAC,use_final_external_label
a4052,training/cpsc_2018,test,PVC,PVC,keep_original_external_label
a4057,training/cpsc_2018,test,PVC,NSR,use_final_external_label
a5007,training/cpsc_2018,test,PVC,PVC,keep_original_external_label
a5016,training/cpsc_2018,test,PVC,1AVB,use_final_external_label
a5024,training/cpsc_2018,test,PAC,PVC,use_final_external_label
a5030,training/cpsc_2018,test,PVC,PVC,keep_original_external_label
a5032,training/cpsc_2018,test,PAC,RBBB,use_final_external_label
a5039,training/cpsc_2018,test,PVC,PVC,keep_original_external_label
a5040,training/cpsc_2018,test,PVC,PVC,keep_original_external_label
a5044,training/cpsc_2018,test,PAC,1AVB,use_final_external_label
a5051,training/cpsc_2018,test,PVC,PVC,keep_original_external_label
a5053,training/cpsc_2018,test,PVC,PVC,keep_original_external_label
a5059,training/cpsc_2018,test,PAC,PAC,keep_original_external_label
a6002,training/cpsc_2018,test,PVC,PVC,keep_original_external_label
a6015,training/cpsc_2018,test,PAC,PAC,keep_original_external_label
a6058,training/cpsc_2018,test,PVC,PVC,keep_original_external_label
q0001,training/cpsc_2018_extra,test,STACH,STACH,keep_original_external_label
q0010,training/cpsc_2018_extra,test,PVC,NSR,use_final_external_label
q0013,training/cpsc_2018_extra,test,PVC,PVC,keep_original_external_label
q0022,training/cpsc_2018_extra,test,STACH,STACH,keep_original_external_label
q0025,training/cpsc_2018_extra,test,STACH,STACH,keep_original_external_label
q0026,training/cpsc_2018_extra,test,PAC,1AVB,use_final_external_label
q0029,training/cpsc_2018_extra,test,STACH,STACH,keep_original_external_label
q0040,training/cpsc_2018_extra,test,PAC,PVC,use_final_external_label
q0046,training/cpsc_2018_extra,test,PVC,NSR,use_final_external_label
q0049,training/cpsc_2018_extra,test,STACH,STACH,keep_original_external_label
q0053,training/cpsc_2018_extra,test,PVC,PVC,keep_original_external_label
q0072,training/cpsc_2018_extra,test,STACH,STACH,keep_original_external_label
q1037,training/cpsc_2018_extra,test,STACH,STACH,keep_original_external_label
q1046,training/cpsc_2018_extra,test,PAC,PVC,use_final_external_label
q1062,training/cpsc_2018_extra,test,STACH,AFIB,use_final_external_label
q1083,training/cpsc_2018_extra,test,PAC,PVC,use_final_external_label
q1087,training/cpsc_2018_extra,test,PVC,PAC,use_final_external_label
q1089,training/cpsc_2018_extra,test,PVC,PAC,use_final_external_label
q1096,training/cpsc_2018_extra,test,PVC,PVC,keep_original_external_label
q2079,training/cpsc_2018_extra,test,PVC,PAC,use_final_external_label
q2093,training/cpsc_2018_extra,test,PVC,NSR,use_final_external_label
q2099,training/cpsc_2018_extra,test,STACH,STACH,keep_original_external_label
q2100,training/cpsc_2018_extra,test,PAC,PVC,use_final_external_label
q2116,training/cpsc_2018_extra,test,STACH,PVC,use_final_external_label
q2121,training/cpsc_2018_extra,test,STACH,PVC,use_final_external_label
q2132,training/cpsc_2018_extra,test,PVC,PVC,keep_original_external_label
q2135,training/cpsc_2018_extra,test,PVC,NSR,use_final_external_label
q2136,training/cpsc_2018_extra,test,STACH,STACH,keep_original_external_label
q2146,training/cpsc_2018_extra,test,STACH,STACH,keep_original_external_label
q3107,training/cpsc_2018_extra,test,STACH,STACH,keep_original_external_label
q3108,training/cpsc_2018_extra,test,PVC,PAC,use_final_external_label
q3117,training/cpsc_2018_extra,test,PAC,AFIB,use_final_external_label
q3118,training/cpsc_2018_extra,test,STACH,STACH,keep_original_external_label
q3122,training/cpsc_2018_extra,test,STACH,AFIB,use_final_external_label
q3125,training/cpsc_2018_extra,test,PVC,PVC,keep_original_external_label
q3126,training/cpsc_2018_extra,test,PVC,PVC,keep_original_external_label
q3141,training/cpsc_2018_extra,test,STACH,STACH,keep_original_external_label
q3145,training/cpsc_2018_extra,test,PVC,PVC,keep_original_external_label
q3169,training/cpsc_2018_extra,test,STACH,STACH,keep_original_external_label
q3177,training/cpsc_2018_extra,test,STACH,STACH,keep_original_external_label
q3183,training/cpsc_2018_extra,test,STACH,STACH,keep_original_external_label
q3188,training/cpsc_2018_extra,test,STACH,STACH,keep_original_external_label
e00122,training/georgia,test,PAC,PAC,keep_original_external_label
e00356,training/georgia,test,PVC,PVC,keep_original_external_label
e00619,training/georgia,test,PAC,NSR,use_final_external_label
e09005,training/georgia,test,PAC,PAC,keep_original_external_label
e09011,training/georgia,test,PAC,PAC,keep_original_external_label
e09025,training/georgia,test,PVC,PVC,keep_original_external_label
e09035,training/georgia,test,STACH,STACH,keep_original_external_label
e09036,training/georgia,test,STACH,STACH,keep_original_external_label
e09037,training/georgia,test,PAC,PAC,keep_original_external_label
e09041,training/georgia,test,PAC,PAC,keep_original_external_label
e09058,training/georgia,test,PAC,PAC,keep_original_external_label
e10029,training/georgia,test,PVC,PVC,keep_original_external_label
e10039,training/georgia,test,PAC,RBBB,use_final_external_label
e10041,training/georgia,test,PAC,RBBB,use_final_external_label
e01633,training/georgia,test,PVC,PVC,keep_original_external_label
e02063,training/georgia,test,PVC,NSR,use_final_external_label
e05010,training/georgia,test,PAC,PAC,keep_original_external_label
e05011,training/georgia,test,PAC,STACH,use_final_external_label
e05016,training/georgia,test,STACH,STACH,keep_original_external_label
e05022,training/georgia,test,PAC,STACH,use_final_external_label
e05023,training/georgia,test,STACH,STACH,keep_original_external_label
e05026,training/georgia,test,PVC,PVC,keep_original_external_label
e05028,training/georgia,test,PAC,NSR,use_final_external_label
e05031,training/georgia,test,STACH,STACH,keep_original_external_label
e05032,training/georgia,test,STACH,STACH,keep_original_external_label
e05037,training/georgia,test,STACH,STACH,keep_original_external_label
e05039,training/georgia,test,PVC,NSR,use_final_external_label
e05053,training/georgia,test,PAC,PAC,keep_original_external_label
e05056,training/georgia,test,PAC,PAC,keep_original_external_label
e06002,training/georgia,test,STACH,STACH,keep_original_external_label
e06003,training/georgia,test,PAC,PAC,keep_original_external_label
e06010,training/georgia,test,PAC,RBBB,use_final_external_label
e06023,training/georgia,test,PAC,AFIB,use_final_external_label
e06026,training/georgia,test,PAC,NSR,use_final_external_label
e06036,training/georgia,test,PVC,PAC,use_final_external_label
e07014,training/georgia,test,STACH,STACH,keep_original_external_label
e07015,training/georgia,test,STACH,STACH,keep_original_external_label
e07027,training/georgia,test,PVC,PAC,use_final_external_label
e07040,training/georgia,test,PAC,PAC,keep_original_external_label
e07062,training/georgia,test,PAC,PAC,keep_original_external_label
e08002,training/georgia,test,PAC,NSR,use_final_external_label
e08024,training/georgia,test,STACH,STACH,keep_original_external_label
e08025,training/georgia,test,STACH,AFIB,use_final_external_label
e08026,training/georgia,test,STACH,AFIB,use_final_external_label
e08030,training/georgia,test,PAC,PVC,use_final_external_label
e08044,training/georgia,test,PVC,PVC,keep_original_external_label
e08045,training/georgia,test,PVC,1AVB,use_final_external_label
e08046,training/georgia,test,PVC,AFIB,use_final_external_label
e08053,training/georgia,test,PAC,RBBB,use_final_external_label
js10652,training/ningbo,test,STACH,STACH,keep_original_external_label
js10653,training/ningbo,test,STACH,STACH,keep_original_external_label
js10676,training/ningbo,test,STACH,STACH,keep_original_external_label
js10678,training/ningbo,test,STACH,STACH,keep_original_external_label
js10680,training/ningbo,test,PAC,1AVB,use_final_external_label
js10718,training/ningbo,test,PAC,STACH,use_final_external_label
js10719,training/ningbo,test,PAC,PAC,keep_original_external_label
js10720,training/ningbo,test,PAC,STACH,use_final_external_label
js10721,training/ningbo,test,PAC,PAC,keep_original_external_label
js10722,training/ningbo,test,PAC,PVC,use_final_external_label
js10723,training/ningbo,test,PAC,PAC,keep_original_external_label
js10724,training/ningbo,test,PAC,STACH,use_final_external_label
js10725,training/ningbo,test,PAC,STACH,use_final_external_label
js20647,training/ningbo,test,PAC,PAC,keep_original_external_label
js20648,training/ningbo,test,PAC,PAC,keep_original_external_label
js20649,training/ningbo,test,PAC,PAC,keep_original_external_label
js20650,training/ningbo,test,PAC,NSR,use_final_external_label
js20651,training/ningbo,test,PAC,PAC,keep_original_external_label
js20652,training/ningbo,test,PAC,PAC,keep_original_external_label
js20653,training/ningbo,test,PAC,PVC,use_final_external_label
js20654,training/ningbo,test,PAC,1AVB,use_final_external_label
js20655,training/ningbo,test,PAC,PAC,keep_original_external_label
js20656,training/ningbo,test,PAC,PAC,keep_original_external_label
js20657,training/ningbo,test,PAC,PVC,use_final_external_label
js20658,training/ningbo,test,PAC,PAC,keep_original_external_label
js20661,training/ningbo,test,PAC,PAC,keep_original_external_label
js20663,training/ningbo,test,PAC,PAC,keep_original_external_label
js20664,training/ningbo,test,PAC,PAC,keep_original_external_label
js20667,training/ningbo,test,PAC,NSR,use_final_external_label
js20668,training/ningbo,test,PAC,NSR,use_final_external_label
js20669,training/ningbo,test,PAC,NSR,use_final_external_label
js20670,training/ningbo,test,PAC,PAC,keep_original_external_label
js20671,training/ningbo,test,PAC,PAC,keep_original_external_label
js20672,training/ningbo,test,PAC,PAC,keep_original_external_label
js20673,training/ningbo,test,PAC,PAC,keep_original_external_label
js20674,training/ningbo,test,PAC,PAC,keep_original_external_label
js20675,training/ningbo,test,PAC,PAC,keep_original_external_label
js20676,training/ningbo,test,PAC,STACH,use_final_external_label
js20677,training/ningbo,test,PAC,AFIB,use_final_external_label
js20680,training/ningbo,test,PAC,STACH,use_final_external_label
js20681,training/ningbo,test,PAC,STACH,use_final_external_label
js20682,training/ningbo,test,PAC,AFIB,use_final_external_label
js20683,training/ningbo,test,PAC,AFIB,use_final_external_label
js20684,training/ningbo,test,PAC,PVC,use_final_external_label
js20685,training/ningbo,test,PAC,AFIB,use_final_external_label
js20686,training/ningbo,test,PAC,PAC,keep_original_external_label
js20687,training/ningbo,test,PAC,PAC,keep_original_external_label
js20689,training/ningbo,test,PAC,STACH,use_final_external_label
js20690,training/ningbo,test,PAC,PAC,keep_original_external_label
js20691,training/ningbo,test,PAC,STACH,use_final_external_label
js20692,training/ningbo,test,PAC,PAC,keep_original_external_label
js20693,training/ningbo,test,PAC,NSR,use_final_external_label
js20694,training/ningbo,test,PAC,STACH,use_final_external_label
js20695,training/ningbo,test,PAC,PAC,keep_original_external_label
js20696,training/ningbo,test,PAC,AFIB,use_final_external_label
js20697,training/ningbo,test,PAC,STACH,use_final_external_label
js20698,training/ningbo,test,PAC,STACH,use_final_external_label
js20699,training/ningbo,test,STACH,STACH,keep_original_external_label
js20700,training/ningbo,test,PAC,STACH,use_final_external_label
js20701,training/ningbo,test,PAC,STACH,use_final_external_label
js20702,training/ningbo,test,PAC,PAC,keep_original_external_label
js20703,training/ningbo,test,PAC,1AVB,use_final_external_label
js20704,training/ningbo,test,PAC,STACH,use_final_external_label
js20706,training/ningbo,test,PAC,PAC,keep_original_external_label
js20707,training/ningbo,test,PAC,PAC,keep_original_external_label
js20709,training/ningbo,test,PAC,PAC,keep_original_external_label
js20711,training/ningbo,test,PAC,STACH,use_final_external_label
js20712,training/ningbo,test,PAC,PAC,keep_original_external_label
js20714,training/ningbo,test,PAC,PVC,use_final_external_label
js18663,training/ningbo,test,PVC,AFIB,use_final_external_label
hr09035,training/ptb-xl,test,PVC,PVC,keep_original_external_label
hr09054,training/ptb-xl,test,PVC,PVC,keep_original_external_label
hr09062,training/ptb-xl,test,PVC,PVC,keep_original_external_label
hr10006,training/ptb-xl,test,PVC,PVC,keep_original_external_label
hr10016,training/ptb-xl,test,STACH,STACH,keep_original_external_label
hr10017,training/ptb-xl,test,PVC,AFIB,use_final_external_label
hr10047,training/ptb-xl,test,PVC,PVC,keep_original_external_label
hr10051,training/ptb-xl,test,PVC,1AVB,use_final_external_label
hr11028,training/ptb-xl,test,STACH,STACH,keep_original_external_label
hr11037,training/ptb-xl,test,PVC,1AVB,use_final_external_label
hr11040,training/ptb-xl,test,PVC,AFIB,use_final_external_label
hr11043,training/ptb-xl,test,STACH,STACH,keep_original_external_label
hr11073,training/ptb-xl,test,PVC,AFIB,use_final_external_label
hr11091,training/ptb-xl,test,LBBB,LBBB,keep_original_external_label
hr11093,training/ptb-xl,test,PVC,PVC,keep_original_external_label
hr12003,training/ptb-xl,test,STACH,STACH,keep_original_external_label
hr12016,training/ptb-xl,test,STACH,STACH,keep_original_external_label
hr12021,training/ptb-xl,test,STACH,STACH,keep_original_external_label
hr13019,training/ptb-xl,test,PVC,AFIB,use_final_external_label
hr13033,training/ptb-xl,test,PVC,PVC,keep_original_external_label
hr13046,training/ptb-xl,test,LBBB,LBBB,keep_original_external_label
hr13061,training/ptb-xl,test,LBBB,LBBB,keep_original_external_label
hr14022,training/ptb-xl,test,PVC,PVC,keep_original_external_label
hr14047,training/ptb-xl,test,LBBB,LBBB,keep_original_external_label
hr14060,training/ptb-xl,test,PVC,PVC,keep_original_external_label
hr15031,training/ptb-xl,test,PVC,1AVB,use_final_external_label
hr15032,training/ptb-xl,test,PVC,1AVB,use_final_external_label
hr16020,training/ptb-xl,test,PVC,AFIB,use_final_external_label
hr16066,training/ptb-xl,test,PVC,PVC,keep_original_external_label
hr17001,training/ptb-xl,test,PVC,PVC,keep_original_external_label
hr17017,training/ptb-xl,test,LBBB,LBBB,keep_original_external_label
hr17021,training/ptb-xl,test,PVC,PVC,keep_original_external_label
hr17026,training/ptb-xl,test,PVC,PVC,keep_original_external_label
hr17043,training/ptb-xl,test,PVC,PVC,keep_original_external_label
hr18016,training/ptb-xl,test,PVC,PVC,keep_original_external_label
hr18027,training/ptb-xl,test,PVC,PVC,keep_original_external_label
hr18037,training/ptb-xl,test,LBBB,LBBB,keep_original_external_label
hr01003,training/ptb-xl,test,PVC,PVC,keep_original_external_label
hr01004,training/ptb-xl,test,PVC,1AVB,use_final_external_label
hr01011,training/ptb-xl,test,PAC,NSR,use_final_external_label
hr01017,training/ptb-xl,test,PVC,AFIB,use_final_external_label
hr01019,training/ptb-xl,test,PAC,PAC,keep_original_external_label
hr01020,training/ptb-xl,test,PVC,PVC,keep_original_external_label
hr01033,training/ptb-xl,test,PVC,AFIB,use_final_external_label
hr01036,training/ptb-xl,test,PVC,PVC,keep_original_external_label
hr01039,training/ptb-xl,test,PVC,AFIB,use_final_external_label
hr01040,training/ptb-xl,test,PVC,PVC,keep_original_external_label
hr01044,training/ptb-xl,test,PVC,PVC,keep_original_external_label
hr01057,training/ptb-xl,test,PAC,PAC,keep_original_external_label
hr19004,training/ptb-xl,test,PVC,PVC,keep_original_external_label
hr19010,training/ptb-xl,test,PVC,PVC,keep_original_external_label
hr20021,training/ptb-xl,test,LBBB,LBBB,keep_original_external_label
hr20040,training/ptb-xl,test,LBBB,LBBB,keep_original_external_label
hr20042,training/ptb-xl,test,PVC,PVC,keep_original_external_label
hr20058,training/ptb-xl,test,PVC,PVC,keep_original_external_label
hr20059,training/ptb-xl,test,LBBB,LBBB,keep_original_external_label
hr20063,training/ptb-xl,test,PVC,AFIB,use_final_external_label
hr21008,training/ptb-xl,test,PVC,1AVB,use_final_external_label
hr21033,training/ptb-xl,test,PVC,PVC,keep_original_external_label
hr21037,training/ptb-xl,test,PVC,PVC,keep_original_external_label
hr21056,training/ptb-xl,test,PVC,PVC,keep_original_external_label
hr04002,training/ptb-xl,test,PVC,1AVB,use_final_external_label
hr04005,training/ptb-xl,test,STACH,STACH,keep_original_external_label
hr04014,training/ptb-xl,test,PAC,PAC,keep_original_external_label
hr04024,training/ptb-xl,test,PAC,PAC,keep_original_external_label
hr04027,training/ptb-xl,test,PVC,NSR,use_final_external_label
hr04028,training/ptb-xl,test,STACH,STACH,keep_original_external_label
hr04031,training/ptb-xl,test,STACH,STACH,keep_original_external_label
hr04039,training/ptb-xl,test,PAC,NSR,use_final_external_label
hr04049,training/ptb-xl,test,PAC,STACH,use_final_external_label
hr04052,training/ptb-xl,test,STACH,STACH,keep_original_external_label
hr04053,training/ptb-xl,test,PVC,PVC,keep_original_external_label
hr04056,training/ptb-xl,test,PAC,PAC,keep_original_external_label
hr04058,training/ptb-xl,test,PVC,PAC,use_final_external_label
hr06003,training/ptb-xl,test,STACH,STACH,keep_original_external_label
hr06012,training/ptb-xl,test,PVC,PVC,keep_original_external_label
hr06025,training/ptb-xl,test,STACH,STACH,keep_original_external_label
hr06027,training/ptb-xl,test,PVC,PVC,keep_original_external_label
hr07001,training/ptb-xl,test,PVC,1AVB,use_final_external_label
hr07017,training/ptb-xl,test,STACH,STACH,keep_original_external_label
hr07022,training/ptb-xl,test,PVC,PVC,keep_original_external_label
hr07024,training/ptb-xl,test,PVC,AFIB,use_final_external_label
hr07029,training/ptb-xl,test,PVC,PVC,keep_original_external_label
hr07036,training/ptb-xl,test,PVC,1AVB,use_final_external_label
hr07043,training/ptb-xl,test,PVC,PVC,keep_original_external_label
hr07054,training/ptb-xl,test,PVC,PVC,keep_original_external_label
hr08018,training/ptb-xl,test,PVC,PVC,keep_original_external_label
hr08073,training/ptb-xl,test,PVC,PVC,keep_original_external_label
