"record_id","source","split","rhythm_label"
"a1707","data_test","test","RBBB"
"a1721","data_test","test","RBBB"
"a1730","data_test","test","RBBB"
"a1731","data_test","test","RBBB"
"a1732","data_test","test","AFIB"
"a1733","data_test","test","RBBB"
"a1738","data_test","test","RBBB"
"a1740","data_test","test","AFIB"
"a1742","data_test","test","RBBB"
"a1743","data_test","test","RBBB"
"a1745","data_test","test","RBBB"
"a1746","data_test","test","RBBB"
"a1772","data_test","test","RBBB"
"a1780","data_test","test","AFIB"
"a1793","data_test","test","RBBB"
"e02097","data_test","test","RBBB"
"e02139","data_test","test","RBBB"
"e02182","data_test","test","RBBB"
"e02201","data_test","test","RBBB"
"e02209","data_test","test","RBBB"
"e02210","data_test","test","RBBB"
"e02211","data_test","test","RBBB"
"hr00001","data_test","test","NSR"
"hr00002","data_test","test","SB"
"hr00012","data_test","test","SB"
"hr00017","data_test","test","AFIB"
"hr00049","data_test","test","NSR"
"hr00050","data_test","test","NSR"
"hr00069","data_test","test","SB"
"hr00078","data_test","test","SB"
"hr00102","data_test","test","1AVB"
"hr00103","data_test","test","STACH"
"hr00108","data_test","test","STACH"
"hr00141","data_test","test","1AVB"
"hr00152","data_test","test","AFIB"
"hr00170","data_test","test","PVC"
"hr00172","data_test","test","RBBB"
"hr00180","data_test","test","LBBB"
"hr00182","data_test","test","1AVB"
"hr00191","data_test","test","1AVB"
"hr00195","data_test","test","RBBB"
"hr00209","data_test","test","1AVB"
"hr00218","data_test","test","1AVB"
"hr00219","data_test","test","PVC"
"hr00225","data_test","test","SB"
"hr00234","data_test","test","1AVB"
"hr00235","data_test","test","SB"
"hr00240","data_test","test","SB"
"hr00257","data_test","test","PAC"
"hr00263","data_test","test","STACH"
"hr00266","data_test","test","PVC"
"hr00270","data_test","test","STACH"
"hr00271","data_test","test","PVC"
"hr00279","data_test","test","LBBB"
"hr00284","data_test","test","SB"
"hr00286","data_test","test","LBBB"
"hr00289","data_test","test","SB"
"hr00297","data_test","test","PVC"
"hr00307","data_test","test","AFIB"
"hr00310","data_test","test","RBBB"
"hr00318","data_test","test","AFIB"
"hr00321","data_test","test","AFIB"
"hr00330","data_test","test","AFIB"
"hr00337","data_test","test","AFIB"
"hr00338","data_test","test","LBBB"
"hr00348","data_test","test","NSR"
"hr00349","data_test","test","PVC"
"hr00351","data_test","test","AFIB"
"hr00363","data_test","test","PVC"
"hr00407","data_test","test","NSR"
"hr00409","data_test","test","NSR"
"hr00421","data_test","test","PAC"
"hr00424","data_test","test","RBBB"
"hr00425","data_test","test","PVC"
"hr00427","data_test","test","PAC"
"hr00428","data_test","test","AFIB"
"hr00436","data_test","test","1AVB"
"hr00442","data_test","test","NSR"
"hr00455","data_test","test","RBBB"
"hr00477","data_test","test","RBBB"
"hr00482","data_test","test","AFIB"
"hr00489","data_test","test","LBBB"
"hr00500","data_test","test","AFIB"
"hr00512","data_test","test","RBBB"
"hr00517","data_test","test","LBBB"
"hr00522","data_test","test","1AVB"
"hr00524","data_test","test","1AVB"
"hr00527","data_test","test","NSR"
"hr00528","data_test","test","RBBB"
"hr00535","data_test","test","1AVB"
"hr00543","data_test","test","SB"
"hr00545","data_test","test","LBBB"
"hr00546","data_test","test","NSR"
"hr00551","data_test","test","1AVB"
"hr00556","data_test","test","1AVB"
"hr00557","data_test","test","AFIB"
"hr00563","data_test","test","1AVB"
"hr00567","data_test","test","AFIB"
"hr00568","data_test","test","SB"
"hr00569","data_test","test","AFIB"
"hr00573","data_test","test","PVC"
"hr00581","data_test","test","AFIB"
"hr00594","data_test","test","AFIB"
"hr00598","data_test","test","AFIB"
"hr00599","data_test","test","1AVB"
"hr00600","data_test","test","NSR"
"hr00604","data_test","test","PAC"
"hr00606","data_test","test","1AVB"
"hr00608","data_test","test","AFIB"
"hr00611","data_test","test","SB"
"hr00612","data_test","test","SB"
"hr00618","data_test","test","LBBB"
"hr00621","data_test","test","RBBB"
"hr00622","data_test","test","STACH"
"hr00626","data_test","test","STACH"
"hr00628","data_test","test","PVC"
"hr00635","data_test","test","LBBB"
"hr00636","data_test","test","AFIB"
"hr00637","data_test","test","AFIB"
"hr00646","data_test","test","NSR"
"hr00652","data_test","test","STACH"
"hr00656","data_test","test","AFIB"
"hr00658","data_test","test","SB"
"hr00665","data_test","test","PVC"
"hr00667","data_test","test","1AVB"
"hr00674","data_test","test","AFIB"
"hr00678","data_test","test","NSR"
"hr00680","data_test","test","RBBB"
"hr00685","data_test","test","1AVB"
"hr00688","data_test","test","1AVB"
"hr00691","data_test","test","AFIB"
"hr00697","data_test","test","AFIB"
"hr00698","data_test","test","STACH"
"hr00704","data_test","test","PVC"
"hr00711","data_test","test","LBBB"
"hr00714","data_test","test","NSR"
"hr00715","data_test","test","PVC"
"hr00718","data_test","test","1AVB"
"hr00728","data_test","test","1AVB"
"hr00738","data_test","test","PVC"
"hr00742","data_test","test","NSR"
"hr00745","data_test","test","1AVB"
"hr00747","data_test","test","1AVB"
"hr00750","data_test","test","PAC"
"hr00756","data_test","test","PAC"
"hr00762","data_test","test","SB"
"hr00788","data_test","test","RBBB"
"hr00800","data_test","test","1AVB"
"hr00801","data_test","test","SB"
"hr00807","data_test","test","PVC"
"hr00814","data_test","test","NSR"
"hr00825","data_test","test","AFIB"
"hr00849","data_test","test","STACH"
"hr00855","data_test","test","AFIB"
"hr00857","data_test","test","STACH"
"hr00860","data_test","test","STACH"
"hr00861","data_test","test","PAC"
"hr00871","data_test","test","RBBB"
"hr00873","data_test","test","1AVB"
"hr00875","data_test","test","1AVB"
"hr00882","data_test","test","PAC"
"hr00887","data_test","test","STACH"
"hr00892","data_test","test","PVC"
"hr00894","data_test","test","PAC"
"hr00896","data_test","test","PAC"
"hr00903","data_test","test","RBBB"
"hr00920","data_test","test","SB"
"hr00924","data_test","test","STACH"
"hr00934","data_test","test","NSR"
"hr00943","data_test","test","STACH"
"hr00946","data_test","test","LBBB"
"hr00957","data_test","test","RBBB"
"hr00969","data_test","test","STACH"
"hr00971","data_test","test","NSR"
"hr00976","data_test","test","STACH"
"hr01024","data_test","test","RBBB"
"hr01049","data_test","test","RBBB"
"hr01066","data_test","test","1AVB"
"hr01067","data_test","test","NSR"
"hr01072","data_test","test","LBBB"
"hr01073","data_test","test","SB"
"hr01123","data_test","test","RBBB"
"hr01166","data_test","test","SB"
"hr01216","data_test","test","SB"
"hr01232","data_test","test","1AVB"
"hr01304","data_test","test","SB"
"hr01324","data_test","test","NSR"
"hr01389","data_test","test","NSR"
"hr01401","data_test","test","SB"
"hr01415","data_test","test","NSR"
"hr01450","data_test","test","RBBB"
"hr01554","data_test","test","NSR"
"hr01599","data_test","test","NSR"
"hr01681","data_test","test","NSR"
"hr01693","data_test","test","1AVB"
"hr01744","data_test","test","NSR"
"hr01754","data_test","test","NSR"
"hr01758","data_test","test","NSR"
"hr02001","data_test","test","AFIB"
"hr02004","data_test","test","AFIB"
"hr02008","data_test","test","NSR"
"hr02015","data_test","test","STACH"
"hr02016","data_test","test","1AVB"
"hr02017","data_test","test","RBBB"
"hr02028","data_test","test","AFIB"
"hr02032","data_test","test","AFIB"
"hr02033","data_test","test","AFIB"
"hr02034","data_test","test","RBBB"
"hr02035","data_test","test","AFIB"
"hr02037","data_test","test","SB"
"hr02039","data_test","test","STACH"
"hr02042","data_test","test","1AVB"
"hr02046","data_test","test","PAC"
"hr02048","data_test","test","STACH"
"hr02049","data_test","test","AFIB"
"hr02055","data_test","test","AFIB"
"hr02058","data_test","test","STACH"
"hr02059","data_test","test","PAC"
"hr02066","data_test","test","AFIB"
"hr02075","data_test","test","STACH"
"hr02078","data_test","test","AFIB"
"hr02085","data_test","test","SB"
"hr02092","data_test","test","PVC"
"hr02093","data_test","test","PVC"
"hr02103","data_test","test","PVC"
"hr02104","data_test","test","1AVB"
"hr02112","data_test","test","1AVB"
"hr02113","data_test","test","1AVB"
"hr02116","data_test","test","1AVB"
"hr02119","data_test","test","1AVB"
"hr02124","data_test","test","AFIB"
"hr02125","data_test","test","AFIB"
"hr02135","data_test","test","LBBB"
"hr02136","data_test","test","LBBB"
"hr02137","data_test","test","SB"
"hr02146","data_test","test","1AVB"
"hr02153","data_test","test","AFIB"
"hr02154","data_test","test","SB"
"hr02155","data_test","test","AFIB"
"hr02158","data_test","test","SB"
"hr02159","data_test","test","NSR"
"hr02160","data_test","test","STACH"
"hr02173","data_test","test","SB"
"hr02174","data_test","test","1AVB"
"hr02176","data_test","test","1AVB"
"hr02177","data_test","test","SB"
"hr02187","data_test","test","SB"
"hr02188","data_test","test","PAC"
"hr02189","data_test","test","STACH"
"hr02192","data_test","test","SB"
"hr02198","data_test","test","PAC"
"hr02200","data_test","test","AFIB"
"hr02201","data_test","test","AFIB"
"hr02202","data_test","test","PAC"
"hr02204","data_test","test","PAC"
"hr02206","data_test","test","1AVB"
"hr02211","data_test","test","STACH"
"hr02216","data_test","test","SB"
"hr02227","data_test","test","1AVB"
"hr02235","data_test","test","1AVB"
"hr02241","data_test","test","PVC"
"hr02243","data_test","test","1AVB"
"hr02245","data_test","test","AFIB"
"hr02247","data_test","test","PAC"
"hr02248","data_test","test","SB"
"hr02249","data_test","test","NSR"
"hr02250","data_test","test","SB"
"hr02253","data_test","test","1AVB"
"hr02254","data_test","test","STACH"
"hr02264","data_test","test","NSR"
"hr02271","data_test","test","PAC"
"hr02276","data_test","test","PAC"
"hr02277","data_test","test","STACH"
"hr02291","data_test","test","PAC"
"hr02294","data_test","test","PVC"
"hr02300","data_test","test","NSR"
"hr02301","data_test","test","PAC"
"hr02311","data_test","test","RBBB"
"hr02317","data_test","test","PAC"
"hr02321","data_test","test","NSR"
"hr02329","data_test","test","SB"
"hr02330","data_test","test","NSR"
"hr02333","data_test","test","1AVB"
"hr02339","data_test","test","SB"
"hr02340","data_test","test","1AVB"
"hr02359","data_test","test","1AVB"
"hr02365","data_test","test","LBBB"
"hr02371","data_test","test","NSR"
"hr02385","data_test","test","SB"
"hr02402","data_test","test","LBBB"
"hr02406","data_test","test","PVC"
"hr02419","data_test","test","SB"
"hr02433","data_test","test","RBBB"
"hr02434","data_test","test","PVC"
"hr02442","data_test","test","NSR"
"hr02455","data_test","test","PVC"
"hr02491","data_test","test","NSR"
"hr02493","data_test","test","RBBB"
"hr02535","data_test","test","RBBB"
"hr02536","data_test","test","PVC"
"hr02581","data_test","test","LBBB"
"hr02599","data_test","test","RBBB"
"hr02614","data_test","test","RBBB"
"hr02615","data_test","test","LBBB"
"hr02623","data_test","test","RBBB"
"hr02655","data_test","test","RBBB"
"hr02672","data_test","test","LBBB"
"hr02741","data_test","test","LBBB"
"hr02818","data_test","test","AFIB"
"hr02838","data_test","test","NSR"
"hr02856","data_test","test","NSR"
"hr02940","data_test","test","LBBB"
"js00012","training/chapman_shaoxing","test","STACH"
"js00024","training/chapman_shaoxing","test","PVC"
"js00032","training/chapman_shaoxing","test","STACH"
"js00041","training/chapman_shaoxing","test","PVC"
"js00045","training/chapman_shaoxing","test","STACH"
"js00057","training/chapman_shaoxing","test","STACH"
"js09381","training/chapman_shaoxing","test","STACH"
"js09390","training/chapman_shaoxing","test","STACH"
"js09391","training/chapman_shaoxing","test","STACH"
"js09392","training/chapman_shaoxing","test","STACH"
"js09396","training/chapman_shaoxing","test","STACH"
"js09418","training/chapman_shaoxing","test","STACH"
"js09432","training/chapman_shaoxing","test","PVC"
"js09436","training/chapman_shaoxing","test","STACH"
"js09447","training/chapman_shaoxing","test","STACH"
"js10411","training/chapman_shaoxing","test","AFIB"
"js01054","training/chapman_shaoxing","test","STACH"
"js01055","training/chapman_shaoxing","test","STACH"
"js01056","training/chapman_shaoxing","test","STACH"
"js01058","training/chapman_shaoxing","test","STACH"
"js01071","training/chapman_shaoxing","test","STACH"
"js01072","training/chapman_shaoxing","test","AFIB"
"js01089","training/chapman_shaoxing","test","STACH"
"js01090","training/chapman_shaoxing","test","AFIB"
"js01100","training/chapman_shaoxing","test","STACH"
"js02102","training/chapman_shaoxing","test","NSR"
"js02119","training/chapman_shaoxing","test","STACH"
"js02120","training/chapman_shaoxing","test","STACH"
"js02121","training/chapman_shaoxing","test","PAC"
"js02122","training/chapman_shaoxing","test","STACH"
"js02130","training/chapman_shaoxing","test","STACH"
"js02134","training/chapman_shaoxing","test","STACH"
"js03140","training/chapman_shaoxing","test","STACH"
"js03142","training/chapman_shaoxing","test","STACH"
"js03144","training/chapman_shaoxing","test","STACH"
"js03155","training/chapman_shaoxing","test","STACH"
"js03158","training/chapman_shaoxing","test","STACH"
"js03182","training/chapman_shaoxing","test","STACH"
"js03190","training/chapman_shaoxing","test","STACH"
"js03199","training/chapman_shaoxing","test","STACH"
"js05232","training/chapman_shaoxing","test","STACH"
"js05254","training/chapman_shaoxing","test","STACH"
"js05256","training/chapman_shaoxing","test","STACH"
"js05257","training/chapman_shaoxing","test","STACH"
"js05272","training/chapman_shaoxing","test","STACH"
"js05279","training/chapman_shaoxing","test","AFIB"
"js06267","training/chapman_shaoxing","test","STACH"
"js06270","training/chapman_shaoxing","test","STACH"
"js06276","training/chapman_shaoxing","test","STACH"
"js06281","training/chapman_shaoxing","test","PVC"
"js06298","training/chapman_shaoxing","test","STACH"
"js06308","training/chapman_shaoxing","test","STACH"
"js06310","training/chapman_shaoxing","test","STACH"
"js06319","training/chapman_shaoxing","test","STACH"
"js06327","training/chapman_shaoxing","test","STACH"
"js07309","training/chapman_shaoxing","test","STACH"
"js07315","training/chapman_shaoxing","test","STACH"
"js07341","training/chapman_shaoxing","test","STACH"
"js07344","training/chapman_shaoxing","test","STACH"
"js07348","training/chapman_shaoxing","test","STACH"
"js07364","training/chapman_shaoxing","test","AFIB"
"js07367","training/chapman_shaoxing","test","STACH"
"js07368","training/chapman_shaoxing","test","STACH"
"js07369","training/chapman_shaoxing","test","STACH"
"js08352","training/chapman_shaoxing","test","STACH"
"js08353","training/chapman_shaoxing","test","STACH"
"js08355","training/chapman_shaoxing","test","STACH"
"js08365","training/chapman_shaoxing","test","STACH"
"js08376","training/chapman_shaoxing","test","STACH"
"js08401","training/chapman_shaoxing","test","STACH"
"a1715","training/cpsc_2018","test","PAC"
"a1727","training/cpsc_2018","test","PAC"
"a1748","training/cpsc_2018","test","PVC"
"a1758","training/cpsc_2018","test","NSR"
"a2006","training/cpsc_2018","test","PVC"
"a2017","training/cpsc_2018","test","PVC"
"a2021","training/cpsc_2018","test","PVC"
"a2032","training/cpsc_2018","test","PVC"
"a2034","training/cpsc_2018","test","PVC"
"a2037","training/cpsc_2018","test","PAC"
"a2049","training/cpsc_2018","test","RBBB"
"a2050","training/cpsc_2018","test","PAC"
"a2058","training/cpsc_2018","test","PVC"
"a3008","training/cpsc_2018","test","PVC"
"a3018","training/cpsc_2018","test","AFIB"
"a3019","training/cpsc_2018","test","PVC"
"a3025","training/cpsc_2018","test","NSR"
"a3027","training/cpsc_2018","test","RBBB"
"a3035","training/cpsc_2018","test","PVC"
"a3036","training/cpsc_2018","test","PAC"
"a3046","training/cpsc_2018","test","1AVB"
"a4003","training/cpsc_2018","test","NSR"
"a4010","training/cpsc_2018","test","PAC"
"a4018","training/cpsc_2018","test","PVC"
"a4040","training/cpsc_2018","test","PAC"
"a4052","training/cpsc_2018","test","PVC"
"a4057","training/cpsc_2018","test","NSR"
"a5007","training/cpsc_2018","test","PVC"
"a5016","training/cpsc_2018","test","1AVB"
"a5024","training/cpsc_2018","test","PVC"
"a5030","training/cpsc_2018","test","PVC"
"a5032","training/cpsc_2018","test","RBBB"
"a5039","training/cpsc_2018","test","PVC"
"a5040","training/cpsc_2018","test","PVC"
"a5044","training/cpsc_2018","test","1AVB"
"a5051","training/cpsc_2018","test","PVC"
"a5053","training/cpsc_2018","test","PVC"
"a5059","training/cpsc_2018","test","PAC"
"a6002","training/cpsc_2018","test","PVC"
"a6015","training/cpsc_2018","test","PAC"
"a6058","training/cpsc_2018","test","PVC"
"q0001","training/cpsc_2018_extra","test","STACH"
"q0010","training/cpsc_2018_extra","test","NSR"
"q0013","training/cpsc_2018_extra","test","PVC"
"q0022","training/cpsc_2018_extra","test","STACH"
"q0025","training/cpsc_2018_extra","test","STACH"
"q0026","training/cpsc_2018_extra","test","1AVB"
"q0029","training/cpsc_2018_extra","test","STACH"
"q0040","training/cpsc_2018_extra","test","PVC"
"q0046","training/cpsc_2018_extra","test","NSR"
"q0049","training/cpsc_2018_extra","test","STACH"
"q0053","training/cpsc_2018_extra","test","PVC"
"q0072","training/cpsc_2018_extra","test","STACH"
"q1037","training/cpsc_2018_extra","test","STACH"
"q1046","training/cpsc_2018_extra","test","PVC"
"q1062","training/cpsc_2018_extra","test","AFIB"
"q1083","training/cpsc_2018_extra","test","PVC"
"q1087","training/cpsc_2018_extra","test","PAC"
"q1089","training/cpsc_2018_extra","test","PAC"
"q1096","training/cpsc_2018_extra","test","PVC"
"q2079","training/cpsc_2018_extra","test","PAC"
"q2093","training/cpsc_2018_extra","test","NSR"
"q2099","training/cpsc_2018_extra","test","STACH"
"q2100","training/cpsc_2018_extra","test","PVC"
"q2116","training/cpsc_2018_extra","test","PVC"
"q2121","training/cpsc_2018_extra","test","PVC"
"q2132","training/cpsc_2018_extra","test","PVC"
"q2135","training/cpsc_2018_extra","test","NSR"
"q2136","training/cpsc_2018_extra","test","STACH"
"q2146","training/cpsc_2018_extra","test","STACH"
"q3107","training/cpsc_2018_extra","test","STACH"
"q3108","training/cpsc_2018_extra","test","PAC"
"q3117","training/cpsc_2018_extra","test","AFIB"
"q3118","training/cpsc_2018_extra","test","STACH"
"q3122","training/cpsc_2018_extra","test","AFIB"
"q3125","training/cpsc_2018_extra","test","PVC"
"q3126","training/cpsc_2018_extra","test","PVC"
"q3141","training/cpsc_2018_extra","test","STACH"
"q3145","training/cpsc_2018_extra","test","PVC"
"q3169","training/cpsc_2018_extra","test","STACH"
"q3177","training/cpsc_2018_extra","test","STACH"
"q3183","training/cpsc_2018_extra","test","STACH"
"q3188","training/cpsc_2018_extra","test","STACH"
"e00122","training/georgia","test","PAC"
"e00356","training/georgia","test","PVC"
"e00619","training/georgia","test","NSR"
"e09005","training/georgia","test","PAC"
"e09011","training/georgia","test","PAC"
"e09025","training/georgia","test","PVC"
"e09035","training/georgia","test","STACH"
"e09036","training/georgia","test","STACH"
"e09037","training/georgia","test","PAC"
"e09041","training/georgia","test","PAC"
"e09058","training/georgia","test","PAC"
"e10029","training/georgia","test","PVC"
"e10039","training/georgia","test","RBBB"
"e10041","training/georgia","test","RBBB"
"e01633","training/georgia","test","PVC"
"e02063","training/georgia","test","NSR"
"e05010","training/georgia","test","PAC"
"e05011","training/georgia","test","STACH"
"e05016","training/georgia","test","STACH"
"e05022","training/georgia","test","STACH"
"e05023","training/georgia","test","STACH"
"e05026","training/georgia","test","PVC"
"e05028","training/georgia","test","NSR"
"e05031","training/georgia","test","STACH"
"e05032","training/georgia","test","STACH"
"e05037","training/georgia","test","STACH"
"e05039","training/georgia","test","NSR"
"e05053","training/georgia","test","PAC"
"e05056","training/georgia","test","PAC"
"e06002","training/georgia","test","STACH"
"e06003","training/georgia","test","PAC"
"e06010","training/georgia","test","RBBB"
"e06023","training/georgia","test","AFIB"
"e06026","training/georgia","test","NSR"
"e06036","training/georgia","test","PAC"
"e07014","training/georgia","test","STACH"
"e07015","training/georgia","test","STACH"
"e07027","training/georgia","test","PAC"
"e07040","training/georgia","test","PAC"
"e07062","training/georgia","test","PAC"
"e08002","training/georgia","test","NSR"
"e08024","training/georgia","test","STACH"
"e08025","training/georgia","test","AFIB"
"e08026","training/georgia","test","AFIB"
"e08030","training/georgia","test","PVC"
"e08044","training/georgia","test","PVC"
"e08045","training/georgia","test","1AVB"
"e08046","training/georgia","test","AFIB"
"e08053","training/georgia","test","RBBB"
"js10652","training/ningbo","test","STACH"
"js10653","training/ningbo","test","STACH"
"js10676","training/ningbo","test","STACH"
"js10678","training/ningbo","test","STACH"
"js10680","training/ningbo","test","1AVB"
"js10718","training/ningbo","test","STACH"
"js10719","training/ningbo","test","PAC"
"js10720","training/ningbo","test","STACH"
"js10721","training/ningbo","test","PAC"
"js10722","training/ningbo","test","PVC"
"js10723","training/ningbo","test","PAC"
"js10724","training/ningbo","test","STACH"
"js10725","training/ningbo","test","STACH"
"js20647","training/ningbo","test","PAC"
"js20648","training/ningbo","test","PAC"
"js20649","training/ningbo","test","PAC"
"js20650","training/ningbo","test","NSR"
"js20651","training/ningbo","test","PAC"
"js20652","training/ningbo","test","PAC"
"js20653","training/ningbo","test","PVC"
"js20654","training/ningbo","test","1AVB"
"js20655","training/ningbo","test","PAC"
"js20656","training/ningbo","test","PAC"
"js20657","training/ningbo","test","PVC"
"js20658","training/ningbo","test","PAC"
"js20661","training/ningbo","test","PAC"
"js20663","training/ningbo","test","PAC"
"js20664","training/ningbo","test","PAC"
"js20667","training/ningbo","test","NSR"
"js20668","training/ningbo","test","NSR"
"js20669","training/ningbo","test","NSR"
"js20670","training/ningbo","test","PAC"
"js20671","training/ningbo","test","PAC"
"js20672","training/ningbo","test","PAC"
"js20673","training/ningbo","test","PAC"
"js20674","training/ningbo","test","PAC"
"js20675","training/ningbo","test","PAC"
"js20676","training/ningbo","test","STACH"
"js20677","training/ningbo","test","AFIB"
"js20680","training/ningbo","test","STACH"
"js20681","training/ningbo","test","STACH"
"js20682","training/ningbo","test","AFIB"
"js20683","training/ningbo","test","AFIB"
"js20684","training/ningbo","test","PVC"
"js20685","training/ningbo","test","AFIB"
"js20686","training/ningbo","test","PAC"
"js20687","training/ningbo","test","PAC"
"js20689","training/ningbo","test","STACH"
"js20690","training/ningbo","test","PAC"
"js20691","training/ningbo","test","STACH"
"js20692","training/ningbo","test","PAC"
"js20693","training/ningbo","test","NSR"
"js20694","training/ningbo","test","STACH"
"js20695","training/ningbo","test","PAC"
"js20696","training/ningbo","test","AFIB"
"js20697","training/ningbo","test","STACH"
"js20698","training/ningbo","test","STACH"
"js20699","training/ningbo","test","STACH"
"js20700","training/ningbo","test","STACH"
"js20701","training/ningbo","test","STACH"
"js20702","training/ningbo","test","PAC"
"js20703","training/ningbo","test","1AVB"
"js20704","training/ningbo","test","STACH"
"js20706","training/ningbo","test","PAC"
"js20707","training/ningbo","test","PAC"
"js20709","training/ningbo","test","PAC"
"js20711","training/ningbo","test","STACH"
"js20712","training/ningbo","test","PAC"
"js20714","training/ningbo","test","PVC"
"js18663","training/ningbo","test","AFIB"
"hr09035","training/ptb-xl","test","PVC"
"hr09054","training/ptb-xl","test","PVC"
"hr09062","training/ptb-xl","test","PVC"
"hr10006","training/ptb-xl","test","PVC"
"hr10016","training/ptb-xl","test","STACH"
"hr10017","training/ptb-xl","test","AFIB"
"hr10047","training/ptb-xl","test","PVC"
"hr10051","training/ptb-xl","test","1AVB"
"hr11028","training/ptb-xl","test","STACH"
"hr11037","training/ptb-xl","test","1AVB"
"hr11040","training/ptb-xl","test","AFIB"
"hr11043","training/ptb-xl","test","STACH"
"hr11073","training/ptb-xl","test","AFIB"
"hr11091","training/ptb-xl","test","LBBB"
"hr11093","training/ptb-xl","test","PVC"
"hr12003","training/ptb-xl","test","STACH"
"hr12016","training/ptb-xl","test","STACH"
"hr12021","training/ptb-xl","test","STACH"
"hr13019","training/ptb-xl","test","AFIB"
"hr13033","training/ptb-xl","test","PVC"
"hr13046","training/ptb-xl","test","LBBB"
"hr13061","training/ptb-xl","test","LBBB"
"hr14022","training/ptb-xl","test","PVC"
"hr14047","training/ptb-xl","test","LBBB"
"hr14060","training/ptb-xl","test","PVC"
"hr15031","training/ptb-xl","test","1AVB"
"hr15032","training/ptb-xl","test","1AVB"
"hr16020","training/ptb-xl","test","AFIB"
"hr16066","training/ptb-xl","test","PVC"
"hr17001","training/ptb-xl","test","PVC"
"hr17017","training/ptb-xl","test","LBBB"
"hr17021","training/ptb-xl","test","PVC"
"hr17026","training/ptb-xl","test","PVC"
"hr17043","training/ptb-xl","test","PVC"
"hr18016","training/ptb-xl","test","PVC"
"hr18027","training/ptb-xl","test","PVC"
"hr18037","training/ptb-xl","test","LBBB"
"hr01003","training/ptb-xl","test","PVC"
"hr01004","training/ptb-xl","test","1AVB"
"hr01011","training/ptb-xl","test","NSR"
"hr01017","training/ptb-xl","test","AFIB"
"hr01019","training/ptb-xl","test","PAC"
"hr01020","training/ptb-xl","test","PVC"
"hr01033","training/ptb-xl","test","AFIB"
"hr01036","training/ptb-xl","test","PVC"
"hr01039","training/ptb-xl","test","AFIB"
"hr01040","training/ptb-xl","test","PVC"
"hr01044","training/ptb-xl","test","PVC"
"hr01057","training/ptb-xl","test","PAC"
"hr19004","training/ptb-xl","test","PVC"
"hr19010","training/ptb-xl","test","PVC"
"hr20021","training/ptb-xl","test","LBBB"
"hr20040","training/ptb-xl","test","LBBB"
"hr20042","training/ptb-xl","test","PVC"
"hr20058","training/ptb-xl","test","PVC"
"hr20059","training/ptb-xl","test","LBBB"
"hr20063","training/ptb-xl","test","AFIB"
"hr21008","training/ptb-xl","test","1AVB"
"hr21033","training/ptb-xl","test","PVC"
"hr21037","training/ptb-xl","test","PVC"
"hr21056","training/ptb-xl","test","PVC"
"hr04002","training/ptb-xl","test","1AVB"
"hr04005","training/ptb-xl","test","STACH"
"hr04014","training/ptb-xl","test","PAC"
"hr04024","training/ptb-xl","test","PAC"
"hr04027","training/ptb-xl","test","NSR"
"hr04028","training/ptb-xl","test","STACH"
"hr04031","training/ptb-xl","test","STACH"
"hr04039","training/ptb-xl","test","NSR"
"hr04049","training/ptb-xl","test","STACH"
"hr04052","training/ptb-xl","test","STACH"
"hr04053","training/ptb-xl","test","PVC"
"hr04056","training/ptb-xl","test","PAC"
"hr04058","training/ptb-xl","test","PAC"
"hr06003","training/ptb-xl","test","STACH"
"hr06012","training/ptb-xl","test","PVC"
"hr06025","training/ptb-xl","test","STACH"
"hr06027","training/ptb-xl","test","PVC"
"hr07001","training/ptb-xl","test","1AVB"
"hr07017","training/ptb-xl","test","STACH"
"hr07022","training/ptb-xl","test","PVC"
"hr07024","training/ptb-xl","test","AFIB"
"hr07029","training/ptb-xl","test","PVC"
"hr07036","training/ptb-xl","test","1AVB"
"hr07043","training/ptb-xl","test","PVC"
"hr07054","training/ptb-xl","test","PVC"
"hr08018","training/ptb-xl","test","PVC"
"hr08073","training/ptb-xl","test","PVC"
