relative_path,sha256,bytes
fresh_inference/primary9_recomputed_report.json,2747BC726C3D676287AD2630D2711A6BA66E57ACEC3A7531F7853475E50478A0,4350
fresh_inference/primary9_record_predictions.csv,5698B07E906F49EB517D5EC1CFB99A1B70AC7700716064C59D3BCAED4C18F2C2,125736
fresh_inference/run_manifest.json,43CBE88341E5059C8B92E37B73961DE44A82A99E782285C21BD9B88BB57A1932,3770
fresh_inference/source_files_sha256.csv,945B5BC286BE9A12EA89FFDA05FFC37E914DA99F32C9995B6524C15E280AE879,138795
primary9_cedia_gold_source_projection.json,B7867BBF2B94E0B21DE6CE5046164AAFA6A177F9B28B69D045FA1172ED36B771,6670
primary9_cedia_per_class_metrics.csv,2ED054D8A5B799F8F1D14358C97EE13C6CF1AF422495C129AE316D24F2CDAF06,592
primary9_final_labels_672.csv,D704F89B947ABD930451647DD54831A6973A9F194A1D8A2943D87C07EBDA3BE5,27208
primary9_label_history_672.csv,7D1943A1FBAB9511047EB2D649CF0904E2D6535809C02FA1E4C5E3A648CD9F8D,43950
primary9_target_updates_129.csv,B2764109A0933B32488812C103E79F16B9C598E84BC9841F946DC4F76A2C760E,14910
README.md,3316D1E7EBF7E1697BA61C87A83985961D4DBE105C4172CF5D763C6D996ED58A,2235
